order_id,order_date,origin_country,destination_country,carrier,warehouse,product_category,weight_kg,shipping_cost_usd,cod_amount_usd,status,delivery_date,sla_days_target,fail_reason
APG101174,19/08/2025,china,Kuwait,FastCourier,AMM-WH1,Home & Garden,0.23,-15.0,0.0,returned,2025-08-27 00:47,2,Refused by Customer
APG100871,01/03/2025,UAE,Kuwait,SMSA,IST-WH1,  Electronics  ,1.57,6.66,0.0,Returned ,2025-03-07,4,
APG101157,03-14-2025,UK,Kuwait,Local Fleet ,AMM-WH1,Electronics,4.12,23.35,0.0,DELIVERED,20/03/2025,10,
APG100140,03-19-2025,Turkey,Saudi Arabia,Local Fleet ,IST-WH1,Books,0.85,6.66,0.0,Cancelled,2025-03-23 14:23,7,
APG100032,05-20-2025,Germany,Saudi Arabia,FastCourier,AMM-WH2,Toys,0.32,2.45,0.0,DELIVERED,24/05/2025,10,
APG100858,26/01/2025,Turkey,Egypt,SMSA,DXB-WH1,Home & Garden,0.47,3.06,0.0,returned,2025-02-05 07:07,7,Damaged Package
APG100384,04/02/2025,Turkey,UAE,SMSA,IST-WH1,Beauty,0.14,2.75,0.0,DELIVERED,2025-02-08,7,
APG100508,2025-04-06 01:00,UAE,Jordan,Aramex,AMM-WH1,Beauty,2.14,15.95,0.0,delivered,2025-04-12,4,
APG100768,13/07/2025,Turkey,Jordan,SMSA,AMM-WH2,Beauty,0.8,5.73,0.0,DELIVERED,2025-07-19,7,
APG100783,03-26-2025,UAE,Iraq,DHL,AMM-WH1,Toys,1.16,10.24,0.0,delivered,2025-04-01 15:51,4,
APG100688,17/04/2025,UAE,Kuwait,SMSA,DXB-WH1,Home & Garden,1.65,8.38,99.38,returned,2025-04-23,4,Damaged Package
APG101094,2025-05-23 11:00,UAE,Iraq,Local Fleet,IST-WH1,Electronics,0.84,6.29,61.0,Returned,2025-05-26 23:58,4,
APG100388,2025-06-19,UK,Jordan,aramex,AMM-WH2,Toys,1.24,6.75,0.0,delivered,2025-06-24,10,
APG101000,2025-01-14,UK,Kuwait,SMSA,IST-WH1,Sports,1.19,6.73,0.0,FAILED_DELIVERY,2025-01-24,10,Damaged Package
APG100204,2025-08-11 10:00,Jordan,Saudi Arabia,Aramex,AMM-WH2,Fashion,3.61,22.65,249.9,Canceled,2025-08-19 05:05,2,
APG101047,2025-07-19 20:00,UK,Saudi Arabia,FastCourier,DXB-WH1,Toys,1.76,8.36,0.0,Delivered,2025-07-25 09:55,10,
APG101071,2025-08-15 19:00,UK,Jordan,Local Fleet ,DXB-WH1,Books,,10.0,144.52,cancelled,24/08/2025,10,
APG100708,2025-05-28 01:00,UK,Egypt,aramex,AMM-WH1,Beauty,0.98,7.61,0.0,delivered,2025-05-31 16:55,10,
APG100720,06-15-2025,Germany,Saudi Arabia,Aramex,AMM-WH2,Electronics,0.58,6.87,178.79,Deliverd,2025-06-20 15:22,10,
APG100075,04-27-2025,UK,Jordan,Local Fleet,AMM-WH1,  Home & Garden  ,1.46,11.22,0.0,DELIVERED,2025-05-01 09:55,10,
APG100146,2025-07-24,Turkey,Jordan,SMSA,IST-WH1,Sports,4.17,26.03,243.69,Deliverd,30/07/2025,7,
APG100229,2025-02-05,Germany,Kuwait,,AMM-WH2,,,,27.75,DELIVERED,2025-02-11,10,
APG101138,07-03-2025,UAE,Iraq,Aramex,DXB-WH1,Toys,0.15,2.03,0.0,delivered,10/07/2025,4,
APG100574,2025-06-21 09:00,China,Kuwait,Local Fleet ,AMM-WH1,Beauty,0.1,3.45,43.27,delivered,27/06/2025,9,
APG100951,2025-08-23,UK,Jordan,Local Fleet,IST-WH1,  Beauty  ,0.51,5.88,0.0,delivered,2025-08-26 23:47,10,
APG100970,2025-05-02 11:00,UAE,Jordan,aramex,IST-WH1,Sports,0.61,7.29,0.0,delivered,2025-05-07,4,
APG100847,02/01/2025,China,Kuwait,DHL,IST-WH1,Beauty,0.33,3.72,0.0,DELIVERED,2025-01-03 20:22,9,
APG101002,05/03/2025,China,Iraq,SMSA,DXB-WH1,Fashion,3.86,12.64,0.0,Failed Delivery,2025-03-12 15:32,9,Warehouse Delay
APG101023,03-22-2025,UAE,Kuwait,Local Fleet ,IST-WH1,Fashion,0.5,7.05,0.0,Delivered,26/03/2025,4,
APG100809,03-07-2025,UAE,Iraq,Local Fleet ,AMM-WH2,Electronics,0.97,9.09,0.0,IN TRANSIT,,4,
APG100773,2025-01-13,Jordan,Iraq,SMSA,DXB-WH1,Sports,2.64,14.1,21.68,In Transit,,2,
APG100522,2025-04-29 10:00,UK,Egypt,aramex,AMM-WH2,BEAUTY,10.28,39.41,153.58,Delivered,03/05/2025,10,
APG100398,2025-04-09,UAE,Kuwait,Aramex,IST-WH1,Fashion,3.04,19.82,0.0,Delivered,14/04/2025,4,
APG100124,03-19-2025,Jordan,Iraq,Local Fleet,AMM-WH1,TOYS,1.07,6.65,0.0,Delivered,2025-03-24,2,
APG100570,2025-08-07 07:00,UK,Egypt,SMSA,IST-WH1,Books,1.11,7.99,123.64,Delivered,2025-08-12 20:43,10,
APG101053,07-10-2025,Jordan,Egypt,Local Fleet,AMM-WH2,Beauty,0.1,5.16,148.29,DELIVERED,15/07/2025,2,
APG100428,12/04/2025,UK,Iraq,aramex,DXB-WH1,Books,3.65,21.76,0.0,Deliverd,20/04/2025,10,
APG100441,03-10-2025,UAE,Jordan,FastCourier,AMM-WH2,Beauty,1.94,10.52,0.0,Delivered,2025-03-17 03:47,4,
APG100062,04-05-2025,Germany,Egypt,SMSA,DXB-WH1,Sports,2.12,10.73,0.0,DELIVERED,2025-04-09,10,
APG100499,28/01/2025,UK,Jordan,Local Fleet ,DXB-WH1,Toys,2.22,13.26,0.0,Failed Delivery,04/02/2025,10,Refused by Customer
APG100374,2025-05-18,China,Saudi Arabia,Local Fleet ,AMM-WH1,Books,0.1,2.13,0.0,Deliverd,2025-05-24 06:45,9,
APG100235,05-22-2025,UK,Saudi Arabia,SMSA,IST-WH1,Fashion,0.29,3.11,167.75,Failed,28/05/2025,10,Customer Not Available
APG101087,2025-05-13,China,Jordan,SMSA,IST-WH1,Fashion,1.76,10.5,0.0,delivered,2025-05-19,9,
APG100529,02-05-2025,UAE,Jordan,aramex,IST-WH1,Beauty,0.5,5.16,111.79,Deliverd,08/02/2025,4,
APG100370,05-18-2025,Jordan,Egypt,DHL,DXB-WH1,Sports,0.29,3.24,238.07,Returned,23/05/2025,2,Customer Not Available
APG100694,16/08/2025,Germany,UAE,aramex,DXB-WH1,Fashion,1.31,6.81,0.0,Deliverd,2025-08-21 17:00,10,
APG100674,2025-07-28,Turkey,Egypt,Local Fleet ,IST-WH1,Sports,1.14,7.41,0.0,DELIVERED,2025-08-11 09:17,7,
APG100319,2025-03-03 11:00,Germany,Jordan,DHL,IST-WH1,Books,2.89,15.56,0.0,Returned ,2025-03-10,10,Wrong Address
APG100884,2025-05-29,Jordan,Jordan,FastCourier,AMM-WH2,Toys,0.97,6.75,0.0,Deliverd,2025-05-31,2,
APG100088,06/02/2025,Jordan,Egypt,SMSA,AMM-WH1,Home & Garden,0.8,7.38,0.0,FAILED_DELIVERY,2025-02-10,2,Wrong Address
APG100685,18/08/2025,UK,UAE,Local Fleet ,IST-WH1,Electronics,2.18,16.4,0.0,Delivered,2025-08-25,10,
APG100692,2025-07-24,Germany,Iraq,Local Fleet ,DXB-WH1,Sports,0.72,5.87,0.0,Canceled,2025-07-31 01:51,10,
APG101161,2025-08-17,UK,UAE,DHL,AMM-WH2,Books,1.94,7.98,0.0,delivered,2025-08-25 04:35,10,
APG100629,2025-03-30 02:00,Jordan,Saudi Arabia,FastCourier,DXB-WH1,BOOKS,1.24,8.14,58.02,DELIVERED,2025-04-05 09:47,2,
APG100230,2025-05-17 16:00,UK,Kuwait,aramex,AMM-WH1,Home & Garden,2.8,10.06,0.0,Returned ,2025-05-23 16:11,10,Customer Not Available
APG100008,04/08/2025,Germany,UAE,aramex,DXB-WH1,Electronics,2.77,12.08,0.0,delivered,2025-08-09,10,
APG100451,2025-01-29,Germany,UAE,Aramex,AMM-WH2,  Books  ,1.07,4.47,0.0,Delivered,2025-02-05 12:24,10,
APG101155,2025-03-27 06:00,Jordan,UAE,Local Fleet,AMM-WH1,Toys,,10.69,112.56,DELIVERED,02/04/2025,2,
APG100340,2025-04-02,UK,Saudi Arabia,Aramex,IST-WH1,Toys,2.98,20.7,0.0,FAILED_DELIVERY,08/04/2025,10,Customer Not Available
APG100375,19/01/2025,China,Jordan,FastCourier,AMM-WH2,Electronics,1.15,9.17,118.27,failed delivery,2025-01-24,9,
APG100068,2025-03-20,UK,Kuwait,Local Fleet ,AMM-WH2,Electronics,1.8,10.5,0.0,Returned,26/03/2025,10,Refused by Customer
APG100971,21/03/2025,Turkey,Egypt,Local Fleet ,AMM-WH2,Home & Garden,1.38,8.55,0.0,Deliverd,2025-03-27 11:53,7,
APG100192,12/04/2025,Germany,Jordan,Local Fleet ,AMM-WH1,Fashion,0.7,4.24,0.0,Delivered,2025-04-17,10,
APG100036,2025-03-31,China,UAE,aramex,DXB-WH1,Toys,3.55,22.01,0.0,FAILED_DELIVERY,2025-04-07 09:07,9,Warehouse Delay
APG100812,02/02/2025,UK,UAE,FastCourier,AMM-WH1,Sports,2.04,10.68,55.57,Deliverd,2025-02-05 17:00,10,
APG100178,2025-03-30 14:00,Germany,Jordan,DHL,DXB-WH1,Fashion,1.16,10.47,0.0,RTO,2025-04-05 09:58,10,Customs Delay
APG101003,2025-04-12 15:00,UAE,Egypt,Local Fleet ,AMM-WH1,Electronics,2.93,13.07,0.0,Delivered,2025-04-16 10:11,4,
APG100231,2025-06-23 20:00,UK,Iraq,aramex,IST-WH1,Home & Garden,2.45,8.43,0.0,Deliverd,2025-06-28 03:27,10,
APG100175,28/04/2025,Turkey,Saudi Arabia,FastCourier,DXB-WH1,Home & Garden,0.25,2.93,0.0,DELIVERED,2025-05-01 18:02,7,
APG100820,03/01/2025,Germany,Iraq,Local Fleet ,AMM-WH2,Books,1.63,11.15,0.0,Delivered,2025-01-06 23:12,10,
APG100442,05/03/2025,China,Iraq,DHL,AMM-WH1,Sports,1.9,10.02,0.0,Deliverd,17/03/2025,9,
APG100993,08-19-2025,Turkey,Egypt,aramex,IST-WH1,Electronics,0.28,3.62,0.0,delivered,2025-08-26 09:28,7,
APG100512,2025-02-19 09:00,Turkey,Saudi Arabia,FastCourier,IST-WH1,Home & Garden,1.26,8.2,0.0,DELIVERED,25/02/2025,7,
APG100070,03-01-2025,China,Iraq,SMSA,AMM-WH2,Electronics,2.31,15.64,0.0,delivered,2025-03-13 23:12,9,
APG100265,2025-04-13 02:00,Jordan,Iraq,Local Fleet,DXB-WH1,Electronics,0.45,5.93,0.0,delivered,2025-04-19 11:41,2,
APG100012,2025-01-30,Germany,Iraq,aramex,DXB-WH1,Sports,1.23,6.29,0.0,DELIVERED,2025-02-04 10:29,10,
APG100044,2025-01-02,Germany,Iraq,aramex,IST-WH1,Sports,0.5,3.33,213.6,CANCELLED,08/01/2025,10,
APG101192,14/05/2025,Turkey,Saudi Arabia,Local Fleet ,DXB-WH1,  Toys  ,1.36,8.95,128.69,In Transit,,7,
APG100774,2025-04-06,UAE,Saudi Arabia,Aramex,IST-WH1,Electronics,2.62,7.86,0.0,delivered,2025-04-11,4,
APG100630,2025-05-12 14:00,Turkey,Egypt,Aramex,AMM-WH2,Sports,1.92,10.53,240.91,delivered,2025-05-21 09:19,7,
APG100769,06-22-2025,Germany,Iraq,SMSA,IST-WH1,  Home & Garden  ,5.68,33.8,0.0,Deliverd,27/06/2025,10,
APG100189,12/08/2025,Germany,Egypt,FastCourier,DXB-WH1,Sports,1.37,7.06,0.0,Deliverd,2025-08-17,10,
APG100493,2025-02-21,China,Saudi Arabia,Aramex,IST-WH1,Beauty,1.08,9.11,11.38,DELIVERED,2025-02-26 06:05,9,
APG100030,2025-07-03 10:00,UK,Saudi Arabia,aramex,IST-WH1,Home & Garden,0.52,6.39,22.19,returned,2025-07-10,10,Warehouse Delay
APG100449,07-18-2025,Jordan,Jordan,Local Fleet ,AMM-WH1,Fashion,0.1,2.92,0.0,Deliverd,2025-07-20,2,
APG100722,08-03-2025,Jordan,Saudi Arabia,Local Fleet,IST-WH1,Fashion,3.51,12.86,0.0,Failed Delivery,2025-08-08 06:50,2,Customs Delay
APG100670,11/05/2025,UK,Jordan,Aramex,DXB-WH1,Beauty,5.93,25.54,0.0,Deliverd,16/05/2025,10,
APG100414,2025-04-13 21:00,Turkey,Jordan,Aramex,AMM-WH2,Toys,1.8,9.92,0.0,DELIVERED,16/04/2025,7,
APG100899,06-05-2025,UAE,Egypt,SMSA,AMM-WH1,Electronics,2.14,10.9,0.0,returned,2025-06-11,4,
APG100028,05/04/2025,China,Saudi Arabia,SMSA,DXB-WH1,Books,1.0,9.59,0.0,delivered,12/04/2025,9,
APG100771,30/07/2025,UAE,Kuwait,DHL,AMM-WH1,Books,0.1,2.17,39.8,delivered,2025-08-05 18:18,4,
APG101197,2025-01-10,UK,Egypt,Local Fleet ,AMM-WH2,Electronics,0.66,4.06,0.0,Deliverd,15/01/2025,10,
APG101194,2025-01-04 03:00,Turkey,Jordan,DHL,IST-WH1,Toys,3.22,13.28,73.78,Deliverd,2025-01-11,7,
APG100476,12/03/2025,UAE,Egypt,SMSA,AMM-WH1,Books,0.33,6.71,0.0,DELIVERED,17/03/2025,4,
APG100065,28/06/2025,UK,UAE,Aramex,AMM-WH1,Books,1.51,9.69,0.0,Deliverd,04/07/2025,10,
APG100865,01/06/2025,UK,Saudi Arabia,aramex,IST-WH1,Toys,5.43,27.03,0.0,Returned,11/06/2025,10,Warehouse Delay
APG101180,03-07-2025,Turkey,Saudi Arabia,aramex,IST-WH1,Toys,0.14,4.35,0.0,Deliverd,2025-03-12,7,
APG100816,2025-02-09,China,UAE,aramex,AMM-WH1,  Fashion  ,0.61,7.6,215.63,returned,2025-02-19 22:11,9,Warehouse Delay
APG100931,01-08-2025,China,Saudi Arabia,DHL,AMM-WH2,Electronics,0.14,3.41,0.0,delivered,2025-01-13,9,
APG100962,2025-03-06 11:00,Germany,Kuwait,Aramex,DXB-WH1,Books,1.0,5.89,134.28,IN TRANSIT,,10,
APG101170,2025-02-14 05:00,UAE,Kuwait,aramex,AMM-WH2,  Sports  ,0.72,7.42,0.0,failed delivery,2025-02-23 10:09,4,
APG101044,2025-04-12,Turkey,Iraq,,IST-WH1,Books,,,0.0,failed delivery,23/04/2025,7,Customs Delay
APG100279,11/03/2025,Turkey,Kuwait,DHL,AMM-WH1,Books,2.9,10.48,121.85,Returned,2025-03-19,7,Wrong Address
APG101091,18/04/2025,china,Jordan,FastCourier,AMM-WH1,Beauty,1.98,7.75,0.0,DELIVERED,2025-04-26 03:35,10,
APG100636,06-18-2025,Turkey,Iraq,Local Fleet ,AMM-WH2,Books,0.69,5.58,0.0,FAILED_DELIVERY,2025-07-02,7,Warehouse Delay
APG100665,07-19-2025,UAE,Kuwait,,AMM-WH2,,,,0.0,DELIVERED,2025-07-26 03:51,4,
APG100121,19/07/2025,UAE,UAE,FastCourier,AMM-WH1,Sports,4.07,19.51,0.0,Delivered,2025-07-22 06:03,4,
APG100400,05/04/2025,UK,Kuwait,DHL,IST-WH1,Books,2.37,15.0,0.0,Deliverd,10/04/2025,10,
APG101187,2025-06-06 19:00,UAE,Iraq,Aramex,IST-WH1,Books,3.81,14.32,0.0,Delivered,11/06/2025,4,
APG100994,2025-03-18,UAE,Egypt,SMSA,AMM-WH1,Fashion,0.42,4.26,0.0,In Transit,,4,
APG100355,2025-07-04 13:00,Germany,Iraq,Local Fleet,AMM-WH2,Toys,1.4,9.14,104.3,Delivered,2025-07-07,10,
APG100444,2025-01-29,Germany,Saudi Arabia,DHL,DXB-WH1,Books,0.94,6.86,0.0,CANCELLED,2025-02-03 03:12,10,
APG100132,13/08/2025,Germany,UAE,FastCourier,AMM-WH2,Beauty,0.15,4.79,0.0,in-transit,,10,
APG101006,2025-06-28 14:00,China,Saudi Arabia,Aramex,IST-WH1,Electronics,0.14,2.84,0.0,Deliverd,2025-06-30 05:06,9,
APG100549,2025-02-08,China,Kuwait,Aramex,IST-WH1,Sports,0.87,6.79,0.0,Delivered,15/02/2025,9,
APG100859,27/07/2025,Turkey,Iraq,DHL,DXB-WH1,Sports,3.39,13.5,0.0,DELIVERED,2025-08-02,7,
APG101025,2025-07-18,UK,Saudi Arabia,FastCourier,DXB-WH1,Home & Garden,0.14,1.99,0.0,delivered,2025-07-23 13:33,10,
APG100061,2025-06-15 22:00,Germany,Kuwait,SMSA,AMM-WH1,Books,0.32,2.79,0.0,Deliverd,2025-06-21 08:33,10,
APG100464,15/05/2025,China,UAE,FastCourier,AMM-WH2,Toys,0.57,5.87,46.77,In Transit ,,9,
APG100806,2025-08-20 03:00,Germany,Iraq,Local Fleet,AMM-WH2,Toys,0.8,8.47,0.0,Deliverd,2025-08-24,10,
APG101184,19/05/2025,UK,UAE,Local Fleet,AMM-WH1,Fashion,2.03,13.45,0.0,delivered,2025-05-23,10,
APG100813,07-17-2025,Jordan,UAE,FastCourier,AMM-WH2,Sports,1.9,6.5,0.0,delivered,20/07/2025,2,
APG101131,2025-07-14,UK,Jordan,FastCourier,AMM-WH1,HOME & GARDEN,0.48,4.05,0.0,in-transit,,10,
APG100346,2025-08-22 18:00,China,Kuwait,Local Fleet ,AMM-WH2,Beauty,0.77,7.69,0.0,FAILED_DELIVERY,31/08/2025,9,
APG100534,10/01/2025,Turkey,Saudi Arabia,Local Fleet ,DXB-WH1,Books,1.16,6.04,0.0,In Transit ,,7,
APG100272,27/05/2025,Turkey,Jordan,FastCourier,AMM-WH1,Sports,0.1,4.53,245.54,Delivered,2025-05-31,7,
APG100105,26/02/2025,Jordan,Egypt,Local Fleet ,DXB-WH1,Books,3.49,19.18,24.6,Delivered,2025-03-05 22:53,2,
APG100324,2025-06-17 22:00,Turkey,UAE,DHL,AMM-WH2,Fashion,0.21,5.41,202.57,DELIVERED,25/06/2025,7,
APG101072,2025-06-25 03:00,Germany,UAE,DHL,DXB-WH1,Electronics,0.12,4.74,93.04,FAILED_DELIVERY,03/07/2025,10,Customs Delay
APG100907,02-24-2025,UAE,Jordan,Local Fleet,AMM-WH2,Home & Garden,3.06,9.82,0.0,IN TRANSIT,,4,
APG100824,27/05/2025,China,Egypt,Local Fleet,AMM-WH1,Sports,0.1,2.25,126.21,Deliverd,07/06/2025,9,
APG100634,2025-05-24 13:00,Jordan,Kuwait,Aramex,AMM-WH2,Fashion,0.91,4.26,0.0,FAILED_DELIVERY,2025-05-30 11:31,2,Refused by Customer
APG100143,2025-03-30,Turkey,Jordan,aramex,DXB-WH1,Toys,1.45,6.71,0.0,Delivered,04/04/2025,7,
APG101074,2025-08-22,Turkey,Jordan,Aramex,DXB-WH1,Toys,5.0,15.19,0.0,Failed,2025-08-28,7,Warehouse Delay
APG101122,06-06-2025,China,UAE,FastCourier,IST-WH1,Sports,1.25,10.93,15.45,delivered,08/06/2025,9,
APG100937,2025-02-01,UAE,UAE,Local Fleet ,AMM-WH2,Home & Garden,0.2,5.01,0.0,RTO,2025-02-05 21:05,4,
APG100326,27/05/2025,UK,Iraq,Local Fleet ,AMM-WH2,Sports,0.1,4.04,0.0,DELIVERED,30/05/2025,10,
APG100049,2025-05-03 00:00,UK,Kuwait,Local Fleet,IST-WH1,Books,0.1,5.36,0.0,DELIVERED,08/05/2025,10,
APG100219,02/04/2025,Jordan,Saudi Arabia,SMSA,IST-WH1,Fashion,2.85,11.45,0.0,Deliverd,2025-04-09 11:02,2,
APG101088,2025-01-27,Turkey,Iraq,aramex,AMM-WH2,Electronics,1.2,7.11,0.0,DELIVERED,12/02/2025,7,
APG100218,04-22-2025,China,Jordan,Local Fleet,IST-WH1,Toys,2.43,16.62,162.19,Delivered,2025-04-26,9,
APG100335,02-04-2025,Jordan,Iraq,Local Fleet,AMM-WH2,Books,0.3,5.55,0.0,IN TRANSIT,,2,
APG100023,04-08-2025,China,Saudi Arabia,Local Fleet,IST-WH1,Books,0.12,4.21,185.32,Deliverd,2025-04-13 11:55,9,
APG100676,2025-07-17 14:00,China,UAE,SMSA,AMM-WH1,  Beauty  ,0.1,4.9,187.31,in-transit,,9,
APG101137,18/01/2025,Turkey,Egypt,Aramex,AMM-WH2,Beauty,0.67,6.44,0.0,Cancelled,2025-02-01 10:26,7,
APG101070,2025-07-14 03:00,Turkey,Egypt,SMSA,IST-WH1,Books,0.1,2.92,0.0,cancelled,2025-07-22,7,
APG100511,2025-08-16 01:00,Turkey,Kuwait,FastCourier,DXB-WH1,Books,2.61,10.76,0.0,Delivered,2025-08-21 00:05,7,
APG100126,2025-05-09 04:00,UK,Kuwait,aramex,DXB-WH1,Books,2.81,18.02,0.0,Failed Delivery,2025-05-13,10,Customs Delay
APG100505,2025-01-15,Jordan,Iraq,FastCourier,DXB-WH1,Sports,3.79,17.91,0.0,DELIVERED,2025-01-20 18:56,2,
APG101069,02/05/2025,UAE,Saudi Arabia,Aramex,AMM-WH2,Electronics,2.92,15.29,0.0,DELIVERED,2025-05-07 22:39,4,
APG101140,30/07/2025,China,Kuwait,SMSA,IST-WH1,Home & Garden,0.77,6.57,0.0,Delivered,2025-08-05 00:21,9,
APG100385,01-07-2025,UAE,Jordan,SMSA,AMM-WH1,Toys,3.11,12.67,0.0,returned,2025-01-13 14:09,4,
APG100958,01-25-2025,Germany,Jordan,Local Fleet ,AMM-WH2,Home & Garden,4.56,17.84,0.0,Deliverd,31/01/2025,10,
APG100727,05/08/2025,Turkey,Kuwait,Aramex,IST-WH1,Sports,0.1,3.49,0.0,DELIVERED,2025-08-10 01:54,7,
APG100223,2025-02-13,UK,Egypt,DHL,DXB-WH1,Fashion,0.85,5.99,25.18,Deliverd,2025-02-20,10,
APG100801,05-30-2025,China,Iraq,DHL,AMM-WH1,Toys,0.88,6.44,0.0,Delivered,08/06/2025,9,
APG101132,2025-02-10,Turkey,Iraq,SMSA,IST-WH1,Sports,0.1,2.1,0.0,DELIVERED,2025-02-22,7,
APG100411,2025-05-10,UAE,Kuwait,FastCourier,DXB-WH1,Home & Garden,3.72,25.84,0.0,Delivered,2025-05-17 15:37,4,
APG100602,2025-03-29 05:00,Jordan,Kuwait,DHL,AMM-WH2,Fashion,0.31,5.86,0.0,In Transit,,2,
APG100191,2025-07-27 01:00,UK,Kuwait,,IST-WH1,,,,0.0,Deliverd,2025-07-29 15:10,10,
APG100419,04-28-2025,Germany,Saudi Arabia,Local Fleet,AMM-WH1,Sports,0.89,4.1,0.0,Deliverd,2025-05-04,10,
APG100245,2025-08-01 20:00,China,Iraq,Aramex,DXB-WH1,Beauty,4.68,21.68,0.0,returned,15/08/2025,9,Customs Delay
APG100226,2025-06-04 22:00,Turkey,UAE,SMSA,AMM-WH2,Home & Garden,1.41,13.16,79.95,delivered,12/06/2025,7,
APG101020,2025-07-26 10:00,UK,Saudi Arabia,DHL,AMM-WH1,Beauty,1.91,10.77,0.0,DELIVERED,2025-08-01 02:40,10,
APG100404,04/05/2025,UK,Egypt,FastCourier,IST-WH1,Home & Garden,2.29,16.04,0.0,DELIVERED,2025-05-08 11:20,10,
APG100180,2025-08-26,china,Egypt,Local Fleet ,IST-WH1,  Beauty  ,0.59,6.84,0.0,Deliverd,2025-09-05 11:14,9,
APG100081,05-18-2025,UAE,Kuwait,aramex,IST-WH1,  Toys  ,4.4,20.3,0.0,Failed,25/05/2025,4,
APG100959,01-04-2025,Jordan,Saudi Arabia,SMSA,AMM-WH1,Home & Garden,0.83,4.65,0.0,Deliverd,11/01/2025,2,
APG100427,2025-07-26,UAE,Iraq,FastCourier,AMM-WH1,Beauty,2.95,10.57,0.0,FAILED_DELIVERY,2025-08-01 19:52,4,Warehouse Delay
APG100158,2025-02-09 09:00,China,Egypt,DHL,AMM-WH2,  Home & Garden  ,3.6,18.12,0.0,delivered,2025-02-21 11:16,9,
APG100566,23/06/2025,UAE,Iraq,aramex,DXB-WH1,Electronics,3.31,12.86,0.0,delivered,27/06/2025,4,
APG101036,2025-05-14 04:00,Germany,Kuwait,Local Fleet,AMM-WH1,Electronics,4.11,19.4,0.0,Deliverd,2025-05-16 19:40,10,
APG100547,18/01/2025,UAE,Kuwait,FastCourier,AMM-WH2,Beauty,0.1,1.91,139.75,delivered,2025-01-25,4,
APG100620,01-10-2025,Jordan,Kuwait,FastCourier,DXB-WH1,Sports,1.19,8.32,0.0,delivered,2025-01-14,2,
APG100736,2025-07-24,UAE,Saudi Arabia,DHL,IST-WH1,Home & Garden,1.1,8.33,0.0,In Transit,,4,
APG101011,04-30-2025,UAE,Kuwait,DHL,DXB-WH1,Electronics,0.1,5.33,0.0,in-transit,,4,
APG100017,27/02/2025,China,Saudi Arabia,FastCourier,AMM-WH2,Fashion,0.79,5.83,0.0,Failed,01/03/2025,9,Customer Not Available
APG100485,08-10-2025,Germany,UAE,SMSA,AMM-WH1,Beauty,0.79,7.95,182.85,delivered,14/08/2025,10,
APG101103,29/04/2025,Jordan,Jordan,Aramex,IST-WH1,Books,0.59,3.63,0.0,Delivered,2025-05-01,2,
APG101153,2025-05-27 06:00,china,UAE,SMSA,DXB-WH1,Fashion,1.02,8.65,0.0,Delivered,29/05/2025,10,
APG100985,08-08-2025,Jordan,Iraq,aramex,DXB-WH1,Books,0.45,3.85,211.44,DELIVERED,12/08/2025,2,
APG101101,05-09-2025,UK,Kuwait,Local Fleet ,DXB-WH1,Home & Garden,1.45,5.91,111.78,Deliverd,2025-05-17 18:52,10,
APG101048,2025-07-19 22:00,Jordan,Jordan,aramex,AMM-WH1,Books,1.59,10.69,0.0,Failed,25/07/2025,2,Refused by Customer
APG101043,04-18-2025,China,UAE,DHL,IST-WH1,Sports,0.8,5.18,0.0,DELIVERED,22/04/2025,9,
APG100110,01-16-2025,UAE,Egypt,SMSA,IST-WH1,Home & Garden,0.88,8.76,0.0,RTO,2025-01-21,4,Damaged Package
APG100593,2025-06-03,UAE,Egypt,DHL,IST-WH1,Home & Garden,0.95,8.76,90.5,delivered,09/06/2025,4,
APG100483,06/04/2025,Germany,Iraq,SMSA,AMM-WH2,  Beauty  ,0.15,2.37,0.0,Deliverd,2025-04-12,10,
APG100262,01-29-2025,Jordan,Kuwait,Local Fleet ,AMM-WH1,Toys,0.36,6.48,0.0,Deliverd,2025-02-04,2,
APG100412,2025-04-07 18:00,Germany,Kuwait,aramex,IST-WH1,Home & Garden,0.99,9.42,216.89,Returned ,2025-04-14 08:55,10,Wrong Address
APG100686,20/07/2025,UK,Egypt,FastCourier,AMM-WH2,Electronics,1.29,10.55,0.0,Delivered,2025-07-27 02:20,10,
APG100921,27/05/2025,Turkey,Saudi Arabia,FastCourier,AMM-WH2,Beauty,0.84,6.49,22.38,delivered,2025-05-30 20:48,7,
APG100274,2025-03-04 14:00,Germany,Egypt,SMSA,AMM-WH2,Books,0.75,6.98,0.0,Failed,09/03/2025,10,Customer Not Available
APG100173,01-09-2025,Germany,Saudi Arabia,DHL,IST-WH1,Electronics,7.04,26.94,175.72,Delivered,2025-01-12,10,
APG100515,2025-01-14 02:00,China,U.A.E.,Local Fleet ,IST-WH1,Toys,1.02,7.0,0.0,CANCELLED,2025-01-20 08:15,9,
APG100891,2025-01-24,UAE,UAE,DHL,AMM-WH2,  Sports  ,1.95,8.83,0.0,Deliverd,2025-01-26 04:31,4,
APG100432,11/08/2025,Jordan,Kuwait,FastCourier,AMM-WH2,Beauty,0.29,5.5,52.49,DELIVERED,2025-08-16 14:05,2,
APG101190,05-01-2025,Germany,Egypt,Aramex,IST-WH1,Toys,4.9,19.41,0.0,Returned ,2025-05-07,10,Warehouse Delay
APG100308,2025-08-04,UK,Jordan,Local Fleet ,IST-WH1,Books,0.1,2.39,81.72,Returned ,2025-08-12,10,Customer Not Available
APG101177,2025-04-19,UAE,UAE,aramex,IST-WH1,Electronics,1.49,11.2,0.0,cancelled,23/04/2025,4,
APG100619,07-27-2025,UK,UAE,aramex,IST-WH1,Electronics,0.15,2.31,118.03,Delivered,2025-08-01,10,
APG100183,2025-04-27 20:00,Turkey,UAE,DHL,IST-WH1,Books,4.57,20.02,89.36,FAILED_DELIVERY,04/05/2025,7,Warehouse Delay
APG101200,07-12-2025,Germany,Kuwait,aramex,AMM-WH1,Beauty,2.95,14.29,0.0,delivered,2025-07-18 02:06,10,
APG100103,03-06-2025,UAE,Egypt,Local Fleet ,AMM-WH1,Books,1.72,7.53,0.0,Delivered,10/03/2025,4,
APG100780,06-13-2025,Jordan,Egypt,Local Fleet ,AMM-WH2,Electronics,2.21,9.72,0.0,failed delivery,2025-06-20 18:55,2,
APG100195,2025-07-06,UK,Saudi Arabia,aramex,DXB-WH1,Electronics,1.39,9.6,111.79,Delivered,2025-07-11,10,
APG101185,2025-05-19 19:00,Germany,Saudi Arabia,aramex,DXB-WH1,Fashion,0.36,5.84,106.21,Deliverd,23/05/2025,10,
APG100992,08-10-2025,UK,Egypt,DHL,IST-WH1,Sports,0.22,2.53,0.0,DELIVERED,15/08/2025,10,
APG100519,14/04/2025,UK,Jordan,Local Fleet,AMM-WH1,Toys,9.49,53.18,106.2,Delivered,2025-04-19,10,
APG100703,2025-01-31 11:00,UK,Saudi Arabia,Local Fleet,IST-WH1,Home & Garden,5.58,16.07,198.11,Failed,2025-02-06,10,Customer Not Available
APG100616,2025-06-04,Jordan,Iraq,FastCourier,AMM-WH2,Home & Garden,0.52,4.13,70.17,Deliverd,2025-06-11 05:55,2,
APG100559,2025-01-31,Turkey,Jordan,DHL,DXB-WH1,Sports,1.87,11.05,0.0,returned,2025-02-07 06:34,7,Refused by Customer
APG100053,19/05/2025,China,Iraq,Aramex,AMM-WH1,BOOKS,3.78,24.23,0.0,RTO,26/05/2025,9,Refused by Customer
APG100269,07-26-2025,China,UAE,Local Fleet,AMM-WH1,  Sports  ,0.91,3100.0,0.0,Failed,03/08/2025,9,Damaged Package
APG100212,08-24-2025,UAE,Jordan,DHL,DXB-WH1,Fashion,,3.46,0.0,delivered,2025-08-27 07:24,4,
APG100435,2025-05-17,Turkey,Kuwait,aramex,DXB-WH1,Beauty,2.01,7.81,0.0,Deliverd,23/05/2025,7,
APG100877,2025-08-22 07:00,UAE,Jordan,DHL,IST-WH1,Beauty,3.48,14.12,64.21,Delivered,2025-08-25,4,
APG100603,2025-08-23 02:00,Jordan,Kuwait,aramex,AMM-WH1,FASHION,1.93,10.31,97.02,In Transit,,2,
APG100421,2025-06-29,UAE,Kuwait,aramex,DXB-WH1,Beauty,0.25,4.31,0.0,In Transit ,,4,
APG100658,2025-02-08 01:00,China,Saudi Arabia,DHL,IST-WH1,  Electronics  ,3.27,14.98,114.74,delivered,2025-02-13 08:14,9,
APG100545,2025-03-06 09:00,Germany,Saudi Arabia,Local Fleet ,IST-WH1,Electronics,2.68,17.46,0.0,Deliverd,09/03/2025,10,
APG100521,05-20-2025,UK,UAE,DHL,AMM-WH1,Sports,0.12,4.46,0.0,in-transit,,10,
APG100021,2025-02-16 08:00,UAE,Kuwait,DHL,AMM-WH1,  Books  ,0.14,5.01,0.0,IN TRANSIT,,4,
APG100502,2025-07-26,Turkey,Egypt,Aramex,AMM-WH2,Sports,0.66,5.26,0.0,delivered,2025-08-01 12:07,7,
APG100153,02-04-2025,UAE,Jordan,Local Fleet ,AMM-WH1,Beauty,3.62,24.19,0.0,Returned ,2025-02-07 14:54,4,Wrong Address
APG101100,2025-05-10 12:00,UAE,Egypt,Aramex,IST-WH1,BEAUTY,1.56,7.42,0.0,Deliverd,2025-05-15,4,
APG100275,01/03/2025,Jordan,Jordan,Local Fleet ,AMM-WH1,Books,0.56,4.27,0.0,DELIVERED,2025-03-03 03:28,2,
APG100744,2025-03-28 06:00,Germany,Jordan,SMSA,DXB-WH1,Fashion,0.39,5.72,235.88,DELIVERED,2025-04-03,10,
APG100949,2025-07-08 06:00,Germany,Iraq,Aramex,AMM-WH1,Beauty,0.17,4.23,122.36,In Transit,,10,
APG100873,03-04-2025,China,Kuwait,Aramex,AMM-WH2,Sports,0.78,8.17,154.79,Deliverd,12/03/2025,9,
APG100568,2025-07-04,UAE,KSA,Local Fleet,DXB-WH1,Fashion,1.5,8.19,0.0,DELIVERED,11/07/2025,4,
APG100042,03-14-2025,Germany,Jordan,Aramex,AMM-WH2,Books,1.26,8.02,0.0,DELIVERED,2025-03-19 15:02,10,
APG101045,2025-05-24,Jordan,Jordan,Local Fleet ,IST-WH1,Home & Garden,0.1,3.15,0.0,DELIVERED,2025-05-27,2,
APG100880,11/03/2025,Turkey,Jordan,Local Fleet,AMM-WH1,Books,2.13,15.65,0.0,DELIVERED,16/03/2025,7,
APG101182,2025-03-20,UAE,UAE,Aramex,AMM-WH2,Books,1.7,11.38,0.0,FAILED_DELIVERY,2025-03-22,4,Refused by Customer
APG101027,02-02-2025,Germany,Jordan,DHL,AMM-WH2,Electronics,0.57,5.57,103.15,FAILED_DELIVERY,07/02/2025,10,Damaged Package
APG100753,31/01/2025,UAE,Jordan,Aramex,AMM-WH2,Toys,2.81,14.01,0.0,DELIVERED,2025-02-06,4,
APG100902,12/05/2025,Jordan,UAE,Local Fleet,IST-WH1,Electronics,6.91,31.56,0.0,DELIVERED,2025-05-16,2,
APG100125,2025-08-10 02:00,China,Iraq,SMSA,AMM-WH1,Toys,2.51,14.47,0.0,Deliverd,16/08/2025,9,
APG100300,18/04/2025,Jordan,Iraq,SMSA,DXB-WH1,Beauty,3.08,14.99,0.0,Deliverd,2025-04-25,2,
APG100025,21/01/2025,China,Egypt,Local Fleet ,AMM-WH2,Books,1.15,9.27,0.0,Returned,03/02/2025,9,Wrong Address
APG100306,20/05/2025,China,Iraq,Local Fleet,DXB-WH1,Beauty,1.21,4.99,0.0,delivered,2025-06-01,9,
APG100174,2025-08-24 15:00,UK,Egypt,Local Fleet ,AMM-WH2,Fashion,0.72,8.21,124.81,Delivered,29/08/2025,10,
APG100988,17/07/2025,Turkey,Saudi Arabia,Aramex,IST-WH1,Fashion,1.47,10.24,0.0,delivered,22/07/2025,7,
APG100122,2025-07-28,Germany,Iraq,Aramex,DXB-WH1,Fashion,0.1,3.73,0.0,delivered,2025-08-02,10,
APG100967,2025-06-09 17:00,UK,UAE,Local Fleet,DXB-WH1,  Beauty  ,0.54,3.65,0.0,delivered,2025-06-13,10,
APG101198,2025-07-25 00:00,Turkey,Kuwait,aramex,DXB-WH1,Home & Garden,0.71,6.18,0.0,Deliverd,2025-07-31,7,
APG101141,2025-08-15,China,Iraq,FastCourier,IST-WH1,Books,0.17,3.02,0.0,delivered,2025-08-26 04:25,9,
APG100393,28/02/2025,Jordan,Saudi Arabia,DHL,DXB-WH1,Fashion,0.4,6.11,168.67,Failed,08/03/2025,2,Damaged Package
APG100680,06-09-2025,China,Kuwait,SMSA,IST-WH1,Sports,0.22,2.72,0.0,DELIVERED,2025-06-16 13:49,9,
APG100682,09/06/2025,Jordan,Saudi Arabia,Local Fleet ,AMM-WH1,  Sports  ,1.01,6.4,57.88,DELIVERED,15/06/2025,2,
APG100127,04-23-2025,Germany,Kuwait,Local Fleet,DXB-WH1,Home & Garden,1.44,9.65,0.0,delivered,2025-04-28,10,
APG100144,2025-06-28,Germany,Kuwait,Aramex,IST-WH1,Sports,1.33,5.3,0.0,cancelled,2025-07-06,10,
APG100597,2025-04-03,UK,Iraq,FastCourier,DXB-WH1,Beauty,5.08,26.77,0.0,Deliverd,08/04/2025,10,
APG100717,03-06-2025,Turkey,Egypt,Local Fleet,AMM-WH2,Books,1.47,9.73,0.0,Deliverd,14/03/2025,7,
APG100599,01-14-2025,Turkey,Saudi Arabia,SMSA,DXB-WH1,Sports,1.19,5.34,0.0,DELIVERED,20/01/2025,7,
APG100514,02-13-2025,UK,Saudi Arabia,FastCourier,IST-WH1,Home & Garden,0.26,1.81,0.0,DELIVERED,2025-02-17 15:00,10,
APG100585,2025-01-30,UAE,Saudi Arabia,FastCourier,IST-WH1,Fashion,3.14,12.45,0.0,DELIVERED,2025-02-05,4,
APG100759,2025-07-24,UK,Iraq,SMSA,IST-WH1,Fashion,1.22,5.87,0.0,Deliverd,28/07/2025,10,
APG101139,03-19-2025,UAE,Egypt,DHL,IST-WH1,  Fashion  ,3.24,16.51,0.0,delivered,21/03/2025,4,
APG100856,2025-04-20,UAE,UAE,FastCourier,AMM-WH1,Beauty,2.66,11.56,0.0,Delivered,2025-04-21 14:10,4,
APG100941,2025-01-02,Germany,Egypt,DHL,IST-WH1,  Books  ,0.53,4.53,0.0,DELIVERED,2025-01-07,10,
APG100364,24/05/2025,Germany,Iraq,FastCourier,DXB-WH1,Books,0.7,4.64,101.58,delivered,2025-05-30,10,
APG100031,2025-03-27,China,Jordan,DHL,IST-WH1,Sports,0.14,3.33,0.0,DELIVERED,2025-04-03,9,
APG100565,09/07/2025,China,Jordan,Aramex,AMM-WH1,Beauty,0.43,3.12,0.0,failed delivery,2025-07-15,9,
APG100181,08-21-2025,Germany,Jordan,FastCourier,AMM-WH1,Sports,0.82,6.37,0.0,delivered,25/08/2025,10,
APG100336,07-06-2025,UAE,Saudi Arabia,,AMM-WH2,,,,200.11,failed delivery,2025-07-12 12:18,4,Warehouse Delay
APG100578,2025-03-24,Germany,Saudi Arabia,FastCourier,IST-WH1,Sports,2.3,9.23,92.85,DELIVERED,2025-03-28 21:34,10,
APG100152,01-21-2025,Germany,Egypt,FastCourier,DXB-WH1,Fashion,0.62,6.65,0.0,delivered,25/01/2025,10,
APG100699,2025-02-07 22:00,Jordan,Jordan,aramex,AMM-WH1,Beauty,2.18,8.85,0.0,Deliverd,10/02/2025,2,
APG101051,11/07/2025,China,UAE,DHL,DXB-WH1,Books,4.76,27.57,131.08,Returned ,18/07/2025,9,Customer Not Available
APG100911,08-18-2025,China,Saudi Arabia,SMSA,DXB-WH1,Books,3.61,15.34,0.0,delivered,2025-08-20 08:28,9,
APG101093,2025-04-28 00:00,Jordan,Saudi Arabia,,DXB-WH1,Home & Garden,,,0.0,failed delivery,2025-05-04 04:36,2,Customs Delay
APG100214,2025-04-07,Jordan,Kuwait,Aramex,AMM-WH1,Sports,1.63,9.42,0.0,IN TRANSIT,,2,
APG101056,2025-05-25,Turkey,Kuwait,Local Fleet,AMM-WH1,Fashion,2.11,7.66,217.56,DELIVERED,2025-06-01 08:20,7,
APG100256,2025-04-24 00:00,UK,Iraq,Local Fleet ,AMM-WH1,Home & Garden,1.63,12.4,0.0,Delivered,2025-04-27 08:09,10,
APG100487,2025-04-12,UK,Egypt,FastCourier,AMM-WH1,Books,1.89,8.74,0.0,Returned,2025-04-19 23:34,10,
APG100972,22/01/2025,Turkey,UAE,FastCourier,IST-WH1,Fashion,0.79,8.47,33.05,Deliverd,2025-01-26,7,
APG100367,2025-02-17 05:00,Germany,Jordan,SMSA,IST-WH1,Electronics,2.85,11.97,0.0,Delivered,20/02/2025,10,
APG100977,05-13-2025,Germany,Saudi Arabia,DHL,AMM-WH2,Fashion,3.52,14.75,0.0,Deliverd,2025-05-18,10,
APG100327,2025-08-05,UK,UAE,Local Fleet,IST-WH1,Electronics,2.05,8.08,0.0,delivered,2025-08-10,10,
APG100462,2025-06-29,Jordan,Iraq,FastCourier,DXB-WH1,  Sports  ,0.66,5.97,0.0,Delivered,2025-07-04 07:53,2,
APG100455,2025-03-01,China,Iraq,DHL,AMM-WH2,Fashion,0.75,8.16,144.02,Deliverd,04/03/2025,9,
APG100577,2025-06-30 02:00,Germany,Egypt,Local Fleet,AMM-WH1,Fashion,0.83,7.91,0.0,cancelled,06/07/2025,10,
APG100418,2025-07-12,Jordan,Saudi Arabia,Aramex,IST-WH1,  Toys  ,1.3,8.59,130.59,delivered,2025-07-19,2,
APG100700,04-05-2025,Jordan,Jordan,FastCourier,IST-WH1,Books,0.25,4.73,162.75,CANCELLED,2025-04-09,2,
APG100007,2025-02-13,UK,Iraq,DHL,IST-WH1,Beauty,0.82,7.53,0.0,delivered,17/02/2025,10,
APG100379,12/08/2025,China,Egypt,Aramex,IST-WH1,Toys,1.18,9.96,0.0,failed delivery,22/08/2025,9,Customs Delay
APG100998,2025-04-17 19:00,Turkey,Jordan,FastCourier,AMM-WH2,Beauty,0.1,1.51,0.0,Delivered,2025-04-21 02:58,7,
APG100882,2025-02-16,Turkey,Saudi Arabia,Local Fleet,IST-WH1,Beauty,0.6,7.4,0.0,DELIVERED,2025-02-23,7,
APG100197,18/01/2025,UAE,Saudi Arabia,SMSA,AMM-WH1,Toys,0.81,3.9,0.0,Delivered,2025-01-21 13:39,4,
APG100359,03-17-2025,Jordan,UAE,DHL,DXB-WH1,Beauty,2.22,-3.2,0.0,delivered,2025-03-21,2,
APG100897,2025-02-08 21:00,Turkey,Saudi Arabia,Aramex,AMM-WH1,Sports,4.86,30.28,0.0,Deliverd,2025-02-16,7,
APG101135,2025-02-14 15:00,UK,Kuwait,Aramex,AMM-WH2,Home & Garden,3.89,15.83,0.0,Returned ,20/02/2025,10,Customs Delay
APG100704,2025-02-25 05:00,Turkey,UAE,FastCourier,AMM-WH1,Home & Garden,0.1,3.22,147.53,FAILED_DELIVERY,2025-03-03 13:22,7,Damaged Package
APG100281,2025-06-04 01:00,Germany,Iraq,aramex,DXB-WH1,Books,0.54,5.47,242.42,delivered,2025-06-09,10,
APG100083,02/02/2025,Jordan,Jordan,aramex,IST-WH1,Electronics,2.86,12.79,0.0,In Transit ,,2,
APG100793,01-09-2025,UAE,Kuwait,Local Fleet ,AMM-WH2,Sports,0.69,5.18,0.0,In Transit,,4,
APG100429,2025-02-02,UAE,Jordan,Local Fleet ,AMM-WH1,Home & Garden,0.11,2.94,32.93,delivered,2025-02-07,4,
APG101004,2025-07-02 09:00,UAE,Kuwait,Local Fleet,AMM-WH2,Books,0.41,3.85,0.0,RTO,09/07/2025,4,Customer Not Available
APG100415,2025-06-24 06:00,UAE,Iraq,Local Fleet ,AMM-WH2,Fashion,4.32,26.41,0.0,IN TRANSIT,,4,
APG100613,08-18-2025,UAE,Jordan,DHL,IST-WH1,Electronics,999.9,9.86,0.0,DELIVERED,24/08/2025,4,
APG100914,2025-06-16 14:00,Germany,Kuwait,SMSA,DXB-WH1,Home & Garden,1.76,12.21,0.0,Deliverd,20/06/2025,10,
APG100330,03-29-2025,UAE,Saudi Arabia,DHL,AMM-WH2,Home & Garden,0.33,4.68,0.0,Deliverd,03/04/2025,4,
APG100530,02-27-2025,Jordan,UAE,FastCourier,AMM-WH2,Beauty,2.91,16.61,0.0,CANCELLED,2025-03-06,2,
APG100586,03-30-2025,Germany,UAE,SMSA,AMM-WH2,Toys,0.14,2.1,15.98,DELIVERED,2025-04-05 01:19,10,
APG100274,2025-03-04,Germany,KSA,SMSA,AMM-WH2,Books,0.75,6.98,0.0,Failed,2025-03-09 11:33,10,Customer Not Available
APG101008,17/05/2025,Germany,Kuwait,Aramex,DXB-WH1,Toys,0.7,8.69,0.0,DELIVERED,2025-05-21,10,
APG100825,02/02/2025,Turkey,Egypt,Aramex,AMM-WH2,Sports,0.56,6.0,104.51,DELIVERED,12/02/2025,7,
APG100836,2025-01-25,UK,Kuwait,Local Fleet ,DXB-WH1,Toys,-1.0,5.47,0.0,DELIVERED,31/01/2025,10,
APG100376,2025-04-10 21:00,Turkey,Jordan,Local Fleet ,AMM-WH1,Sports,0.37,5.25,0.0,Cancelled,2025-04-19,7,
APG100650,2025-01-31 07:00,Germany,Kuwait,DHL,DXB-WH1,Books,0.34,4.17,0.0,delivered,2025-02-04 09:07,10,
APG100983,03-19-2025,China,Egypt,Aramex,AMM-WH2,Home & Garden,0.32,5.22,0.0,Deliverd,30/03/2025,9,
APG100615,2025-08-03,China,Saudi Arabia,Local Fleet,DXB-WH1,Books,0.3,5.75,0.0,Deliverd,2025-08-06 02:51,9,
APG100752,2025-02-15,Jordan,Jordan,Aramex,AMM-WH1,Home & Garden,2.31,11.16,0.0,returned,2025-02-17,2,Warehouse Delay
APG100803,15/01/2025,Jordan,Egypt,Aramex,IST-WH1,Beauty,2.58,17.55,0.0,Canceled,24/01/2025,2,
APG100870,06-04-2025,Germany,Iraq,aramex,AMM-WH2,Beauty,0.35,3.09,161.15,delivered,08/06/2025,10,
APG101065,30/04/2025,China,Egypt,Aramex,AMM-WH2,Home & Garden,0.1,1.43,0.0,delivered,2025-05-14 04:19,9,
APG100448,20/05/2025,UK,Saudi Arabia,Local Fleet,AMM-WH2,Books,1.03,4.44,0.0,Failed,2025-05-25,10,Damaged Package
APG100443,2025-06-24 09:00,Jordan,Kuwait,Local Fleet ,AMM-WH1,Electronics,0.1,3.89,0.0,Canceled,2025-06-30 07:18,2,
APG100776,2025-08-28,UK,Saudi Arabia,SMSA,AMM-WH2,Electronics,0.94,5.48,51.67,Deliverd,04/09/2025,10,
APG100134,05/04/2025,Jordan,Saudi Arabia,Local Fleet,IST-WH1,Books,2.52,13.41,0.0,CANCELLED,10/04/2025,2,
APG100079,2025-05-01 07:00,Jordan,Kuwait,FastCourier,IST-WH1,Fashion,2.18,10.3,0.0,IN TRANSIT,,2,
APG100910,07-20-2025,China,Egypt,Aramex,AMM-WH2,Sports,2.9,15.48,0.0,delivered,2025-07-28 03:22,9,
APG100496,28/01/2025,China,Jordan,DHL,DXB-WH1,Sports,0.3,5.16,0.0,delivered,2025-02-03,9,
APG100154,16/03/2025,UK,Egypt,Local Fleet ,AMM-WH2,Sports,0.1,3.56,0.0,delivered,2025-03-24 02:55,10,
APG100713,2025-05-31 07:00,UAE,Egypt,FastCourier,IST-WH1,Books,0.23,3.42,86.4,IN TRANSIT,,4,
APG100342,2025-03-09 14:00,Jordan,UAE,Aramex,AMM-WH2,Books,0.54,7.41,0.0,Delivered,2025-03-17,2,
APG100096,2025-07-30,UK,Kuwait,Aramex,AMM-WH2,Sports,0.52,5.64,0.0,DELIVERED,2025-08-06 03:10,10,
APG100285,2025-04-29 01:00,China,Jordan,FastCourier,IST-WH1,Beauty,1.45,8.67,0.0,delivered,04/05/2025,9,
APG100743,2025-03-04,Turkey,Egypt,Aramex,DXB-WH1,Fashion,1500.0,4.78,172.59,delivered,2025-03-14,7,
APG100605,2025-02-03,UAE,Saudi Arabia,Local Fleet ,AMM-WH1,Books,0.51,5.51,0.0,Deliverd,07/02/2025,4,
APG100666,03/02/2025,Germany,Egypt,FastCourier,IST-WH1,Fashion,0.21,3.4,74.44,Cancelled,10/02/2025,10,
APG100709,2025-03-04,Turkey,Saudi Arabia,Aramex,DXB-WH1,Books,,4.27,0.0,Deliverd,09/03/2025,7,
APG100156,04-12-2025,China,UAE,FastCourier,IST-WH1,Beauty,0.86,5.92,0.0,Deliverd,2025-04-17 05:06,9,
APG100808,2025-02-13,UAE,Saudi Arabia,Aramex,AMM-WH1,Beauty,0.83,7.26,0.0,Delivered,19/02/2025,4,
APG100438,02-04-2025,China,Saudi Arabia,Local Fleet ,IST-WH1,Beauty,3.28,14.82,0.0,In Transit,,9,
APG100623,05-30-2025,Turkey,Iraq,SMSA,DXB-WH1,Home & Garden,1.11,5.6,0.0,Failed,2025-06-09 04:38,7,Warehouse Delay
APG100667,2025-07-27,China,Kuwait,SMSA,IST-WH1,Sports,4.5,15.77,0.0,in-transit,,9,
APG100446,16/01/2025,Germany,Jordan,aramex,AMM-WH2,  Electronics  ,0.93,6.18,0.0,failed delivery,24/01/2025,10,
APG100908,2025-08-12,Germany,Kuwait,Local Fleet ,AMM-WH2,HOME & GARDEN,6.14,34.57,0.0,delivered,2025-08-17 00:08,10,
APG100696,04-19-2025,Turkey,Iraq,Local Fleet ,DXB-WH1,Electronics,0.63,5.18,0.0,Delivered,2025-04-26 18:52,7,
APG100765,2025-07-22 09:00,Germany,Iraq,FastCourier,AMM-WH2,Books,4.7,20.3,158.26,Deliverd,2025-07-28 06:22,10,
APG101123,2025-08-10,UK,Egypt,Local Fleet ,AMM-WH2,BOOKS,0.32,5.74,0.0,failed delivery,2025-08-13 11:55,10,Refused by Customer
APG100141,2025-05-28 07:00,Germany,Egypt,Local Fleet,AMM-WH1,Beauty,5.95,29.64,0.0,delivered,2025-06-03 07:50,10,
APG100626,2025-01-26,Turkey,Egypt,Local Fleet ,AMM-WH2,Sports,1.32,7.86,0.0,In Transit,,7,
APG100755,04/01/2025,UK,Iraq,DHL,AMM-WH2,Fashion,0.29,4.27,198.63,returned,2025-01-13,10,
APG100823,08/04/2025,Jordan,Iraq,Local Fleet,AMM-WH1,Electronics,6.71,21.0,0.0,Deliverd,2025-04-14 09:45,2,
APG100953,2025-02-17 08:00,China,Kuwait,SMSA,IST-WH1,Sports,0.15,2.03,0.0,Delivered,2025-02-23,9,
APG101035,2025-07-24 06:00,UK,Egypt,SMSA,AMM-WH1,Books,1.98,9.64,237.49,Delivered,29/07/2025,10,
APG100254,2025-01-24,UAE,UAE,Local Fleet,DXB-WH1,Electronics,1.8,12.28,0.0,DELIVERED,2025-01-26 18:57,4,
APG100834,2025-02-01 17:00,China,UAE,Local Fleet ,IST-WH1,  Toys  ,5.7,19.13,0.0,Delivered,2025-02-04,9,
APG100250,01-20-2025,Jordan,Kuwait,SMSA,DXB-WH1,Toys,0.77,8.31,119.13,Delivered,23/01/2025,2,
APG100785,08-29-2025,Germany,Saudi Arabia,Aramex,AMM-WH2,Fashion,1.88,7.57,0.0,delivered,2025-09-03 08:09,10,
APG100889,07-04-2025,Jordan,Kuwait,Local Fleet ,DXB-WH1,Electronics,0.36,2.28,0.0,FAILED_DELIVERY,2025-07-13,2,Refused by Customer
APG100076,29/04/2025,Germany,Egypt,Local Fleet,IST-WH1,TOYS,2.14,14.07,0.0,Returned,2025-05-06,10,Warehouse Delay
APG101012,03-28-2025,UK,UAE,Aramex,DXB-WH1,Toys,1.95,10.98,0.0,Deliverd,04/04/2025,10,
APG100089,05-31-2025,Jordan,U.A.E.,Local Fleet ,IST-WH1,Home & Garden,0.44,4.2,102.33,IN TRANSIT,,2,
APG100243,2025-02-27,China,UAE,DHL,IST-WH1,  Books  ,0.3,5.43,0.0,In Transit ,,9,
APG101010,10/04/2025,China,Egypt,aramex,IST-WH1,Toys,1.12,8.34,0.0,DELIVERED,16/04/2025,9,
APG101109,19/03/2025,UK,UAE,Local Fleet ,AMM-WH1,Books,0.45,4.61,192.57,delivered,2025-03-23 23:52,10,
APG100271,2025-08-24,Turkey,Kuwait,aramex,IST-WH1,Electronics,0.16,2.52,0.0,delivered,30/08/2025,7,
APG100350,2025-02-27 17:00,China,Egypt,SMSA,AMM-WH2,Books,2.51,9.74,0.0,Deliverd,2025-03-09,9,
APG100002,01-09-2025,UK,Kuwait,DHL,AMM-WH1,Fashion,0.31,5.25,178.32,Delivered,13/01/2025,10,
APG100382,21/06/2025,Turkey,Saudi Arabia,Aramex,AMM-WH1,Home & Garden,1.57,11.14,0.0,delivered,2025-06-29 12:50,7,
APG100251,2025-01-01,Turkey,Egypt,Local Fleet ,DXB-WH1,Beauty,1.08,10.1,105.45,Delivered,10/01/2025,7,
APG100426,2025-06-22,Turkey,UAE,aramex,IST-WH1,Sports,2.4,16.0,0.0,Deliverd,28/06/2025,7,
APG100074,04-15-2025,Jordan,UAE,Local Fleet ,AMM-WH2,  Electronics  ,0.88,6.99,79.17,DELIVERED,20/04/2025,2,
APG100710,2025-02-16 13:00,Turkey,Kuwait,Local Fleet,DXB-WH1,Beauty,1.99,10.53,0.0,Returned,2025-02-24 05:39,7,Refused by Customer
APG100224,18/03/2025,Turkey,Kuwait,Local Fleet,AMM-WH2,Home & Garden,0.65,6.25,158.0,Delivered,2025-03-23 00:18,7,
APG100417,2025-06-08,Jordan,UAE,FastCourier,DXB-WH1,Books,3.68,20.46,0.0,Deliverd,13/06/2025,2,
APG101054,2025-01-24 07:00,Turkey,Kuwait,FastCourier,IST-WH1,Home & Garden,2.02,10.87,131.58,Deliverd,2025-01-30 14:52,7,
APG100540,04-10-2025,Germany,Iraq,DHL,IST-WH1,Toys,1.71,9.05,0.0,DELIVERED,2025-04-14 17:11,10,
APG100592,2025-08-16,UAE,Iraq,aramex,DXB-WH1,Beauty,0.98,6.92,225.45,Deliverd,2025-08-22 12:42,4,
APG100639,23/03/2025,Germany,Jordan,SMSA,AMM-WH2,Sports,3.85,27.12,0.0,Deliverd,31/03/2025,10,
APG100011,06-02-2025,Germany,Kuwait,SMSA,IST-WH1,Toys,1.04,9.41,0.0,IN TRANSIT,,10,
APG100277,2025-04-28,Germany,UAE,FastCourier,AMM-WH2,Electronics,5.34,27.84,0.0,Delivered,2025-04-30 20:03,10,
APG101116,2025-05-25,UK,UAE,aramex,DXB-WH1,Electronics,1.13,7.99,0.0,Deliverd,2025-05-29,10,
APG100698,05-17-2025,Germany,U.A.E.,Local Fleet ,IST-WH1,Toys,0.28,3.41,0.0,DELIVERED,2025-05-24 11:33,10,
APG100472,02-06-2025,UK,Iraq,SMSA,AMM-WH1,Toys,0.95,4.46,0.0,Delivered,2025-02-11 23:27,10,
APG100647,2025-06-25,Turkey,Saudi Arabia,aramex,AMM-WH2,Home & Garden,-2.0,4.37,104.44,In Transit ,,7,
APG100594,04-15-2025,China,Jordan,FastCourier,AMM-WH2,Beauty,0.87,7.11,79.47,Failed,2025-04-22,9,Customer Not Available
APG100912,06-12-2025,Jordan,Saudi Arabia,Aramex,AMM-WH2,Fashion,0.67,5.84,49.86,Delivered,19/06/2025,2,
APG100751,2025-04-30 16:00,UK,Jordan,SMSA,IST-WH1,Beauty,5.99,26.51,0.0,DELIVERED,09/05/2025,10,
APG100046,12/07/2025,Jordan,UAE,aramex,IST-WH1,Books,1.8,10.55,0.0,DELIVERED,2025-07-18,2,
APG100895,04-02-2025,Turkey,Jordan,FastCourier,DXB-WH1,Fashion,2.26,15.5,0.0,Deliverd,2025-04-08,7,
APG100234,18/03/2025,Turkey,Jordan,Aramex,DXB-WH1,Books,3.37,19.78,0.0,Delivered,2025-03-23,7,
APG100532,21/01/2025,Jordan,U.A.E.,DHL,AMM-WH1,Beauty,3.35,19.55,0.0,Delivered,27/01/2025,2,
APG101143,2025-01-29 05:00,Germany,Kuwait,Aramex,IST-WH1,Home & Garden,1.15,6.59,0.0,Deliverd,03/02/2025,10,
APG100386,2025-01-08,UK,Iraq,aramex,AMM-WH2,Toys,3.54,23.29,140.43,IN TRANSIT,,10,
APG100860,2025-06-04 03:00,Germany,Iraq,FastCourier,AMM-WH2,SPORTS,0.18,3.35,0.0,In Transit,,10,
APG101102,08/02/2025,Germany,Jordan,Local Fleet ,DXB-WH1,Toys,1.95,10.48,184.63,DELIVERED,2025-02-12 18:16,10,
APG100054,02/05/2025,UAE,Saudi Arabia,FastCourier,IST-WH1,Fashion,1.94,13.67,0.0,Delivered,2025-05-07,4,
APG100052,08/04/2025,china,UAE,Local Fleet,IST-WH1,Books,0.27,5.74,0.0,returned,2025-04-15,9,
APG100343,2025-01-30,Jordan,Iraq,Aramex,AMM-WH2,Books,0.45,3.85,95.81,Delivered,04/02/2025,2,
APG100133,12/01/2025,Germany,Kuwait,DHL,DXB-WH1,Beauty,5.3,31.34,0.0,Failed,17/01/2025,10,Warehouse Delay
APG100782,2025-04-24 23:00,Germany,Egypt,Local Fleet,AMM-WH1,Sports,4.77,25.53,0.0,Failed,29/04/2025,10,Customer Not Available
APG101058,04-16-2025,Jordan,UAE,aramex,AMM-WH1,Fashion,1.65,9.24,0.0,DELIVERED,2025-04-23 09:17,2,
APG101057,2025-01-22 04:00,UK,Saudi Arabia,FastCourier,IST-WH1,Books,0.31,5.7,0.0,Deliverd,28/01/2025,10,
APG100538,17/07/2025,Jordan,Kuwait,,AMM-WH2,,,,0.0,delivered,2025-07-24,2,
APG100453,2025-05-06,UAE,Iraq,aramex,AMM-WH1,Sports,1.12,8.19,0.0,Deliverd,2025-05-13,4,
APG100925,2025-06-17 07:00,UAE,Saudi Arabia,DHL,AMM-WH2,Toys,7.08,39.93,0.0,DELIVERED,2025-06-20 20:18,4,
APG100299,2025-03-09 06:00,Jordan,Jordan,Local Fleet ,DXB-WH1,Electronics,1.03,4.93,10.31,in-transit,,2,
APG100732,28/04/2025,UAE,Saudi Arabia,Local Fleet,AMM-WH1,Fashion,2.46,10.07,0.0,delivered,2025-05-05,4,
APG100362,2025-01-28,China,Egypt,Local Fleet ,AMM-WH2,Electronics,6.25,25.61,0.0,CANCELLED,2025-02-02,9,
APG100492,15/02/2025,UAE,Saudi Arabia,SMSA,DXB-WH1,Home & Garden,2.11,15.51,0.0,Delivered,2025-02-20 19:59,4,
APG100757,2025-08-12 04:00,UAE,Egypt,Local Fleet ,IST-WH1,Electronics,0.85,8.87,91.56,DELIVERED,18/08/2025,4,
APG100172,2025-03-09 20:00,UK,Kuwait,FastCourier,AMM-WH2,Beauty,5.38,27.21,195.91,failed delivery,2025-03-17 02:36,10,Refused by Customer
APG100906,2025-06-13,Jordan,Saudi Arabia,FastCourier,IST-WH1,Electronics,0.1,4.51,199.49,DELIVERED,2025-06-17 16:03,2,
APG100609,2025-03-14,Germany,Saudi Arabia,Local Fleet ,AMM-WH2,Electronics,4.14,28.09,0.0,Delivered,15/03/2025,10,
APG100394,05-04-2025,Germany,Jordan,SMSA,AMM-WH2,Fashion,0.2,3.6,0.0,Deliverd,2025-05-10,10,
APG100884,2025-05-29 22:00,Jordan,Jordan,FastCourier,AMM-WH2,Toys,0.97,6.75,0.0,Deliverd,31/05/2025,2,
APG100069,2025-02-10,UK,Jordan,SMSA,IST-WH1,  Sports  ,1.22,6.22,179.67,Deliverd,2025-02-15 00:28,10,
APG100862,2025-06-11 22:00,Turkey,KSA,SMSA,IST-WH1,Electronics,0.61,7.14,0.0,Delivered,16/06/2025,7,
APG100305,02-13-2025,China,Saudi Arabia,Aramex,AMM-WH1,Beauty,3.41,14.8,0.0,In Transit ,,9,
APG100840,2025-06-12,Turkey,Jordan,Local Fleet ,AMM-WH1,Fashion,0.76,3.57,188.42,Delivered,18/06/2025,7,
APG100770,03-25-2025,Germany,Saudi Arabia,SMSA,AMM-WH1,Beauty,11.03,34.39,181.26,Deliverd,01/04/2025,10,
APG100148,21/01/2025,Turkey,Jordan,Local Fleet,IST-WH1,Beauty,0.78,5.18,0.0,DELIVERED,2025-01-25,7,
APG100739,2025-06-27,Germany,Kuwait,Local Fleet,DXB-WH1,Books,0.61,5.52,48.95,CANCELLED,2025-07-06,10,
APG100842,06-29-2025,Germany,Kuwait,DHL,AMM-WH1,Sports,0.12,5.41,0.0,In Transit ,,10,
APG100724,07-30-2025,China,Saudi Arabia,Aramex,DXB-WH1,Books,1.65,10.39,0.0,Deliverd,2025-08-06 01:11,9,
APG100795,08-13-2025,UK,Saudi Arabia,Local Fleet,DXB-WH1,Sports,0.1,3.56,0.0,failed delivery,20/08/2025,10,
APG100058,2025-07-18 15:00,UK,Egypt,SMSA,DXB-WH1,Books,320.0,16.82,0.0,IN TRANSIT,,10,
APG100480,07-04-2025,UK,KSA,Local Fleet,AMM-WH2,Books,1.24,10.32,221.23,delivered,2025-07-12 10:34,10,
APG100799,19/08/2025,UAE,UAE,Local Fleet ,AMM-WH1,Toys,4.33,25.65,80.35,Deliverd,2025-08-21 18:02,4,
APG100198,2025-05-09,China,Saudi Arabia,aramex,DXB-WH1,Sports,1.52,10.96,0.0,delivered,14/05/2025,9,
APG100373,03-24-2025,Germany,Saudi Arabia,DHL,AMM-WH1,  Books  ,0.47,4.05,0.0,Returned,2025-04-01 10:37,10,
APG100139,2025-01-02 02:00,Jordan,Egypt,Local Fleet,AMM-WH2,Fashion,1.58,10.89,0.0,In Transit,,2,
APG101167,03/08/2025,Turkey,UAE,aramex,DXB-WH1,Sports,1.55,8.92,166.1,Deliverd,2025-08-08 22:02,7,
APG101191,2025-08-03 08:00,China,Kuwait,Local Fleet ,IST-WH1,Beauty,0.93,8.73,175.94,Delivered,2025-08-08,9,
APG100908,2025-08-12,Germany,Kuwait,Local Fleet ,AMM-WH2,Home & Garden,6.14,34.57,0.0,delivered,2025-08-17 00:08,10,
APG100301,19/01/2025,UAE,Kuwait,Aramex,DXB-WH1,Home & Garden,1.61,10.68,50.83,DELIVERED,2025-01-24,4,
APG100991,11/02/2025,UAE,Iraq,Aramex,AMM-WH1,Sports,1.8,10.02,0.0,failed delivery,2025-02-12,4,
APG100422,11/03/2025,China,Iraq,DHL,AMM-WH2,Fashion,1.09,5.57,0.0,CANCELLED,2025-03-25,9,
APG101117,06/08/2025,Jordan,Egypt,SMSA,AMM-WH2,Fashion,1.01,9.32,0.0,Delivered,10/08/2025,2,
APG100093,2025-05-29 11:00,Jordan,Jordan,Local Fleet,IST-WH1,Home & Garden,0.57,3.3,0.0,failed delivery,2025-05-30 05:29,2,Warehouse Delay
APG101154,2025-02-05 02:00,Germany,Jordan,aramex,IST-WH1,Home & Garden,0.22,2.98,0.0,DELIVERED,2025-02-09 23:31,10,
APG101164,04-25-2025,Jordan,Jordan,aramex,AMM-WH1,Beauty,7.4,22.61,0.0,FAILED_DELIVERY,2025-04-27 04:27,2,Refused by Customer
APG100583,05-26-2025,Jordan,UAE,DHL,DXB-WH1,Books,1.48,7.36,0.0,DELIVERED,2025-05-30 07:41,2,
APG100731,07-23-2025,Turkey,Egypt,FastCourier,AMM-WH1,  Beauty  ,1.09,8.43,0.0,Cancelled,2025-07-31 12:47,7,
APG100484,26/02/2025,Turkey,Kuwait,aramex,AMM-WH1,Fashion,4.04,17.42,115.43,delivered,2025-03-06,7,
APG100246,2025-05-31,UAE,Iraq,aramex,IST-WH1,Sports,0.22,2.23,0.0,DELIVERED,2025-06-05 03:35,4,
APG100203,07-05-2025,China,Egypt,Local Fleet,AMM-WH1,Beauty,0.91,6.81,0.0,Delivered,2025-07-14 22:13,9,
APG100116,14/03/2025,Jordan,Jordan,FastCourier,DXB-WH1,Sports,2.96,10.45,0.0,IN TRANSIT,,2,
APG100749,2025-04-13,Turkey,Egypt,DHL,AMM-WH2,Fashion,0.4,3.57,62.46,Delivered,2025-04-25,7,
APG100618,09/06/2025,UAE,UAE,Local Fleet ,IST-WH1,Books,2.31,13.99,168.9,Failed Delivery,2025-06-14,4,Warehouse Delay
APG100176,2025-07-17 09:00,UAE,UAE,Local Fleet ,IST-WH1,Sports,0.3,3.48,0.0,delivered,2025-07-19,4,
APG100779,2025-06-12 22:00,Turkey,Saudi Arabia,aramex,IST-WH1,Sports,1.25,4.49,228.9,DELIVERED,15/06/2025,7,
APG100794,29/05/2025,UAE,Egypt,Aramex,AMM-WH1,Electronics,1.29,10.8,0.0,delivered,2025-06-04,4,
APG101172,2025-08-22,Germany,Saudi Arabia,FastCourier,AMM-WH2,Beauty,2.97,10.13,0.0,Delivered,23/08/2025,10,
APG100420,2025-08-09,Turkey,Egypt,DHL,IST-WH1,Home & Garden,0.54,5.53,54.14,cancelled,15/08/2025,7,
APG100886,2025-07-31 07:00,UAE,Saudi Arabia,Local Fleet ,AMM-WH1,Fashion,0.65,7.63,0.0,Delivered,2025-08-05,4,
APG100468,18/07/2025,China,UAE,FastCourier,AMM-WH1,Electronics,1.19,8.47,0.0,Canceled,26/07/2025,9,
APG100217,2025-05-25 07:00,Turkey,Saudi Arabia,FastCourier,IST-WH1,Home & Garden,0.36,3.41,0.0,Returned ,2025-06-01,7,Damaged Package
APG100303,01-26-2025,UAE,Jordan,DHL,DXB-WH1,Beauty,1.41,8.97,33.02,delivered,2025-01-31,4,
APG100177,2025-05-27 21:00,Turkey,Jordan,SMSA,DXB-WH1,Books,0.76,8.66,0.0,Deliverd,2025-06-02 10:11,7,
APG100115,2025-03-11,Germany,Jordan,SMSA,IST-WH1,Toys,0.35,3.24,0.0,Deliverd,17/03/2025,10,
APG100822,01-31-2025,UAE,Jordan,SMSA,AMM-WH2,Home & Garden,0.67,5.71,0.0,Deliverd,04/02/2025,4,
APG100669,2025-02-02,Turkey,Saudi Arabia,aramex,IST-WH1,Fashion,2.94,11.58,0.0,In Transit ,,7,
APG100430,01-07-2025,UK,Jordan,Aramex,AMM-WH2,Home & Garden,4.97,18.62,0.0,Delivered,12/01/2025,10,
APG100387,2025-04-04 12:00,Germany,Saudi Arabia,aramex,DXB-WH1,  Toys  ,7.77,26.07,0.0,delivered,2025-04-08 01:11,10,
APG100590,06-23-2025,UK,Kuwait,FastCourier,AMM-WH2,Beauty,0.45,5.31,0.0,Delivered,28/06/2025,10,
APG100805,2025-08-12,Germany,UAE,DHL,IST-WH1,  Toys  ,1.86,10.71,29.53,Failed,18/08/2025,10,
APG100182,2025-07-21 15:00,China,Kuwait,Local Fleet ,DXB-WH1,Books,2.11,12.79,0.0,delivered,2025-07-25 01:43,9,
APG100655,08/03/2025,UK,Saudi Arabia,Local Fleet,AMM-WH2,Beauty,0.24,4.52,0.0,Deliverd,2025-03-13,10,
APG100525,2025-08-23,Jordan,Iraq,FastCourier,IST-WH1,  Electronics  ,0.96,9.66,0.0,Delivered,2025-08-26 09:47,2,
APG100278,03/02/2025,Jordan,Iraq,Local Fleet,DXB-WH1,Books,0.27,4.12,0.0,In Transit ,,2,
APG100673,2025-02-13 20:00,China,Jordan,SMSA,IST-WH1,Sports,0.5,7.63,154.45,Deliverd,2025-02-19 09:13,9,
APG100293,07-26-2025,UK,Saudi Arabia,Local Fleet ,DXB-WH1,Fashion,1.16,4.73,0.0,DELIVERED,29/07/2025,10,
APG101083,2025-02-03,Germany,Iraq,SMSA,DXB-WH1,Sports,0.76,3.94,0.0,Delivered,09/02/2025,10,
APG100555,2025-04-14,Germany,Jordan,aramex,IST-WH1,Sports,0.74,8.77,0.0,delivered,19/04/2025,10,
APG100792,2025-05-11 22:00,Germany,UAE,Local Fleet ,DXB-WH1,Sports,0.26,4.89,0.0,Deliverd,2025-05-16 03:40,10,
APG101050,05/08/2025,China,Jordan,FastCourier,IST-WH1,Beauty,0.89,4.49,0.0,In Transit,,9,
APG100038,2025-07-01,Turkey,Jordan,FastCourier,AMM-WH2,Books,0.74,4.07,0.0,Delivered,2025-07-06,7,
APG100371,03-30-2025,China,Iraq,Local Fleet ,AMM-WH2,Toys,1.83,14.45,0.0,delivered,2025-04-10,9,
APG100837,02-16-2025,Turkey,Kuwait,SMSA,AMM-WH2,Toys,2.74,13.08,0.0,Deliverd,2025-02-20 21:29,7,
APG100693,08-24-2025,UK,Egypt,SMSA,AMM-WH2,Sports,0.59,6.81,158.36,Deliverd,2025-08-27,10,
APG100509,2025-08-12 16:00,Jordan,Iraq,aramex,AMM-WH2,Home & Garden,3.11,17.54,0.0,DELIVERED,2025-08-17 17:00,2,
APG101060,2025-08-08 23:00,UK,Egypt,SMSA,AMM-WH1,Sports,0.33,5.29,0.0,Failed Delivery,15/08/2025,10,Refused by Customer
APG100526,2025-05-24,China,Iraq,aramex,AMM-WH2,Electronics,2.38,12.91,160.05,Failed Delivery,2025-06-04 11:31,9,
APG100286,2025-03-12 08:00,UAE,Saudi Arabia,DHL,AMM-WH2,Electronics,3.19,18.2,221.87,Deliverd,15/03/2025,4,
APG101085,2025-08-01 05:00,Germany,Iraq,aramex,IST-WH1,  Toys  ,1.49,7.81,248.5,Delivered,2025-08-06,10,
APG101067,2025-02-09 03:00,China,Egypt,Local Fleet,AMM-WH1,Toys,3.86,14.45,164.76,returned,2025-02-19,9,Damaged Package
APG100086,07-14-2025,Jordan,Jordan,SMSA,DXB-WH1,Fashion,1.41,9.17,0.0,Delivered,16/07/2025,2,
APG100164,01-13-2025,UAE,Jordan,aramex,IST-WH1,Toys,2.66,13.42,0.0,Deliverd,2025-01-20,4,
APG101128,07-03-2025,Turkey,Kuwait,SMSA,AMM-WH1,Books,0.49,5.79,0.0,IN TRANSIT,,7,
APG100205,06-04-2025,UAE,Iraq,SMSA,DXB-WH1,Fashion,1.99,12.9,0.0,delivered,2025-06-09,4,
APG100035,07-29-2025,UAE,Saudi Arabia,Local Fleet,AMM-WH2,Books,1.0,6.92,0.0,DELIVERED,02/08/2025,4,
APG101127,2025-06-15,Germany,Egypt,SMSA,AMM-WH1,Beauty,0.24,3.44,0.0,In Transit,,10,
APG100344,2025-08-13,UK,UAE,Local Fleet,DXB-WH1,Books,0.14,3.04,0.0,In Transit,,10,
APG100010,03/04/2025,UK,Kuwait,FastCourier,AMM-WH1,Beauty,0.34,6.19,0.0,delivered,2025-04-06 03:42,10,
APG100659,2025-04-02,China,Kuwait,SMSA,AMM-WH1,  Beauty  ,1.29,11.51,0.0,IN TRANSIT,,9,
APG100338,2025-05-02 22:00,UK,UAE,DHL,AMM-WH1,Sports,3.78,17.08,0.0,delivered,05/05/2025,10,
APG100833,05-25-2025,Germany,UAE,SMSA,AMM-WH2,Books,1.16,8.34,0.0,in-transit,,10,
APG100409,2025-03-12 12:00,UAE,Jordan,SMSA,AMM-WH2,Toys,0.1,4.38,0.0,Canceled,2025-03-17,4,
APG100077,05-05-2025,Jordan,Iraq,Local Fleet ,AMM-WH2,Toys,8.3,43.61,13.28,Delivered,2025-05-08 19:10,2,
APG100236,08-15-2025,Germany,Egypt,FastCourier,IST-WH1,Beauty,2.31,7.67,0.0,Deliverd,2025-08-18 18:45,10,
APG101125,2025-06-14,Jordan,Egypt,aramex,AMM-WH2,Fashion,0.59,7.28,0.0,DELIVERED,2025-06-18,2,
APG100249,2025-03-05 04:00,Germany,Saudi Arabia,aramex,IST-WH1,Fashion,4.54,22.44,74.49,DELIVERED,2025-03-08,10,
APG100034,01-07-2025,UAE,U.A.E.,SMSA,AMM-WH2,Books,1.4,8.96,0.0,RTO,2025-01-15,4,
APG100560,06-06-2025,China,Iraq,Aramex,AMM-WH1,Beauty,3.05,9.41,0.0,delivered,2025-06-14,9,
APG100581,05-14-2025,UAE,Saudi Arabia,Local Fleet ,AMM-WH2,Toys,0.18,3.43,0.0,Failed Delivery,2025-05-18,4,Warehouse Delay
APG100040,08-29-2025,Jordan,Iraq,FastCourier,DXB-WH1,Toys,6.42,29.51,0.0,delivered,2025-09-04,2,
APG100288,03/05/2025,Germany,UAE,Local Fleet,DXB-WH1,Toys,4.42,18.78,0.0,Deliverd,2025-05-10,10,
APG100241,2025-05-06,UK,Saudi Arabia,DHL,IST-WH1,Home & Garden,3.7,21.73,238.44,delivered,15/05/2025,10,
APG101165,2025-08-29,UAE,Jordan,Local Fleet ,IST-WH1,Home & Garden,0.1,5.26,0.0,DELIVERED,2025-08-31 18:19,4,
APG100846,2025-01-02,Turkey,Jordan,Aramex,IST-WH1,Electronics,1.11,6.03,0.0,failed delivery,2025-01-08 16:11,7,
APG100194,25/04/2025,Turkey,Kuwait,Aramex,AMM-WH2,Sports,2.05,12.21,52.83,Deliverd,28/04/2025,7,
APG101013,2025-05-26,China,KSA,aramex,IST-WH1,Fashion,2.67,13.76,0.0,Failed,2025-06-03,9,
APG100990,04-26-2025,China,Iraq,Local Fleet ,AMM-WH2,Toys,0.34,4.05,0.0,in-transit,,9,
APG100863,12/03/2025,UAE,Egypt,FastCourier,AMM-WH2,Electronics,0.1,3.1,0.0,cancelled,2025-03-19 21:38,4,
APG101193,13/06/2025,Jordan,Jordan,aramex,DXB-WH1,Sports,3.13,21.3,0.0,In Transit ,,2,
APG100721,2025-07-21,UK,Jordan,FastCourier,IST-WH1,Electronics,2.88,16.39,0.0,Delivered,28/07/2025,10,
APG100854,07-20-2025,Jordan,Iraq,DHL,AMM-WH2,Books,2.28,9.06,0.0,delivered,25/07/2025,2,
APG100556,08/07/2025,China,Jordan,SMSA,AMM-WH1,Toys,0.46,5.14,0.0,Returned ,2025-07-16,9,Warehouse Delay
APG100193,01-09-2025,China,Kuwait,DHL,AMM-WH2,Books,3.98,25.53,165.01,Deliverd,2025-01-13,9,
APG100354,01/04/2025,China,UAE,FastCourier,DXB-WH1,Toys,7.15,36.63,0.0,DELIVERED,2025-04-08 18:01,9,
APG100764,31/07/2025,Jordan,Jordan,FastCourier,IST-WH1,Beauty,4.02,17.72,31.86,failed delivery,2025-08-03 22:57,2,Damaged Package
APG100445,2025-05-02,UK,Iraq,Local Fleet,AMM-WH1,Books,2.41,11.12,0.0,delivered,2025-05-08 09:34,10,
APG100295,2025-07-22,Germany,Kuwait,Local Fleet ,AMM-WH2,Home & Garden,0.55,5.98,0.0,Deliverd,26/07/2025,10,
APG100900,2025-03-22,China,Kuwait,DHL,DXB-WH1,Electronics,3.56,18.5,27.07,In Transit ,,9,
APG100777,04/01/2025,Germany,UAE,SMSA,AMM-WH1,Fashion,0.21,3.12,0.0,delivered,08/01/2025,10,
APG100488,2025-03-17,UAE,Kuwait,Local Fleet ,AMM-WH2,Toys,0.71,6.51,0.0,Delivered,20/03/2025,4,
APG100500,2025-05-08,UK,Egypt,SMSA,AMM-WH2,Books,0.65,5.57,0.0,Deliverd,13/05/2025,10,
APG100057,2025-02-20,Germany,Jordan,SMSA,AMM-WH1,Fashion,0.37,0.0,0.0,Returned,2025-02-26,10,
APG100872,15/06/2025,Germany,Saudi Arabia,Local Fleet,AMM-WH2,Fashion,1.56,12.11,0.0,Delivered,21/06/2025,10,
APG100013,05-10-2025,UK,Saudi Arabia,aramex,AMM-WH2,Sports,1.32,8.06,0.0,DELIVERED,2025-05-16,10,
APG100790,2025-07-06,China,Egypt,SMSA,IST-WH1,Beauty,1.32,12.53,99.55,DELIVERED,2025-07-13,9,
APG101124,17/08/2025,Turkey,Jordan,FastCourier,IST-WH1,Beauty,1.07,7.01,0.0,delivered,2025-08-24,7,
APG100818,08-25-2025,Turkey,Iraq,,DXB-WH1,,,,0.0,Deliverd,2025-09-02 20:13,7,
APG100170,2025-04-27 04:00,Jordan,Egypt,FastCourier,AMM-WH2,Home & Garden,0.77,6.45,0.0,returned,2025-04-30 12:17,2,
APG100996,01-15-2025,Jordan,Egypt,FastCourier,DXB-WH1,Beauty,0.1,1.61,0.0,Delivered,20/01/2025,2,
APG100867,2025-08-12,UAE,UAE,aramex,AMM-WH1,Fashion,0.8,4.39,0.0,delivered,13/08/2025,4,
APG100431,14/03/2025,UAE,Iraq,DHL,AMM-WH2,Toys,1.27,6.96,0.0,delivered,2025-03-20,4,
APG100942,18/01/2025,Germany,Jordan,aramex,IST-WH1,Books,5.69,30.73,190.89,Delivered,23/01/2025,10,
APG100260,03-05-2025,Turkey,Saudi Arabia,DHL,DXB-WH1,Toys,1.09,9.46,0.0,In Transit,,7,
APG100531,2025-05-26 15:00,China,Jordan,Aramex,IST-WH1,Toys,1.43,9.71,0.0,DELIVERED,31/05/2025,9,
APG100936,2025-01-30,Jordan,Jordan,SMSA,AMM-WH2,Books,0.57,3.43,0.0,DELIVERED,2025-01-31 06:57,2,
APG100952,2025-04-19 05:00,China,UAE,aramex,AMM-WH1,Toys,1.11,7.85,0.0,DELIVERED,2025-04-23 04:08,9,
APG100253,06-10-2025,China,Jordan,aramex,IST-WH1,Fashion,0.81,8.29,0.0,Returned,2025-06-11,9,Warehouse Delay
APG100855,01-05-2025,UAE,Kuwait,Aramex,AMM-WH1,Books,0.32,4.33,0.0,delivered,2025-01-11 20:54,4,
APG100735,07-02-2025,China,Egypt,FastCourier,DXB-WH1,Fashion,0.1,3.3,0.0,delivered,2025-07-10 20:41,9,
APG100745,31/01/2025,Germany,Jordan,aramex,AMM-WH2,Fashion,6.11,30.44,86.31,delivered,2025-02-04,10,
APG100261,05/06/2025,UAE,Egypt,Local Fleet ,DXB-WH1,Beauty,1.48,11.18,0.0,delivered,06/06/2025,4,
APG100965,2025-03-31 10:00,Turkey,Iraq,FastCourier,DXB-WH1,Beauty,1.26,5.68,0.0,Deliverd,2025-04-08,7,
APG100323,2025-06-19 11:00,China,Egypt,Local Fleet,AMM-WH1,Sports,2.41,12.43,0.0,DELIVERED,2025-06-27,9,
APG100095,2025-06-22,Germany,Iraq,Aramex,IST-WH1,Books,0.34,4.01,0.0,DELIVERED,2025-06-28 06:10,10,
APG100474,01/07/2025,Jordan,Egypt,FastCourier,AMM-WH1,Toys,0.99,6.12,0.0,Failed,2025-07-06,2,Customer Not Available
APG100648,01-06-2025,UK,Saudi Arabia,Aramex,AMM-WH2,Beauty,3.1,15.0,21.95,delivered,12/01/2025,10,
APG101144,03-29-2025,China,Kuwait,DHL,AMM-WH1,Books,2.5,14.78,0.0,delivered,30/03/2025,9,
APG100563,02-26-2025,UK,Egypt,Local Fleet,AMM-WH2,Electronics,1.42,5.71,212.51,delivered,2025-03-04,10,
APG100458,2025-05-25,UK,Saudi Arabia,FastCourier,DXB-WH1,Sports,2.28,11.38,0.0,failed delivery,04/06/2025,10,Customer Not Available
APG100968,2025-02-01 01:00,Turkey,Egypt,Local Fleet,IST-WH1,Electronics,0.31,5.49,0.0,Deliverd,2025-02-13,7,
APG100913,02-23-2025,UAE,UAE,Local Fleet,DXB-WH1,Books,2.87,11.92,0.0,Delivered,25/02/2025,4,
APG100632,2025-07-15 09:00,Germany,Iraq,SMSA,AMM-WH1,  Home & Garden  ,1.33,10.66,0.0,Deliverd,2025-07-22,10,
APG100730,2025-07-26 00:00,Jordan,Kuwait,aramex,AMM-WH2,Home & Garden,1.68,6.79,0.0,DELIVERED,2025-07-30 16:28,2,
APG100888,2025-01-21,Turkey,Saudi Arabia,Aramex,IST-WH1,Toys,0.65,3.7,0.0,Delivered,2025-01-24,7,
APG100358,2025-01-27,Germany,Saudi Arabia,FastCourier,IST-WH1,Beauty,4.84,33.36,0.0,DELIVERED,2025-02-03 20:47,10,
APG100604,07-15-2025,UK,Egypt,Aramex,AMM-WH1,Sports,0.13,4.85,0.0,returned,22/07/2025,10,Warehouse Delay
APG100162,26/06/2025,Jordan,Jordan,SMSA,IST-WH1,Beauty,2.0,4200.0,0.0,delivered,27/06/2025,2,
APG100117,2025-02-24,UAE,UAE,Local Fleet,AMM-WH1,Home & Garden,2.7,10.81,52.17,DELIVERED,26/02/2025,4,
APG100875,2025-07-29 10:00,UK,Iraq,SMSA,IST-WH1,Books,1.16,8.44,0.0,Failed Delivery,2025-08-03 17:45,10,Customer Not Available
APG100864,07-12-2025,UAE,Kuwait,FastCourier,IST-WH1,Books,0.84,5.36,0.0,IN TRANSIT,,4,
APG101016,05-10-2025,UAE,Iraq,Local Fleet ,AMM-WH1,Fashion,1.31,12.61,0.0,Failed,2025-05-17,4,Damaged Package
APG101015,16/07/2025,UAE,UAE,DHL,AMM-WH2,Fashion,2.51,11.04,0.0,Failed,21/07/2025,4,Customer Not Available
APG100486,27/05/2025,UK,Iraq,FastCourier,IST-WH1,Electronics,1.32,9.92,0.0,Delivered,2025-05-31 06:28,10,
APG100264,2025-01-04 08:00,UK,Jordan,Aramex,IST-WH1,Electronics,0.31,4.84,130.25,delivered,2025-01-08 03:59,10,
APG100963,06-25-2025,China,UAE,SMSA,AMM-WH2,Books,0.0,2.14,0.0,Returned,2025-07-04,9,
APG100168,2025-04-26 17:00,Jordan,Egypt,aramex,AMM-WH1,Toys,0.1,1.68,0.0,DELIVERED,03/05/2025,2,
APG100296,31/05/2025,UAE,Iraq,Local Fleet,DXB-WH1,Sports,0.1,4.21,237.71,Deliverd,2025-06-06,4,
APG101017,12/01/2025,UK,Iraq,Local Fleet,AMM-WH1,Electronics,2.44,11.88,0.0,delivered,18/01/2025,10,
APG100424,01-16-2025,Germany,Saudi Arabia,SMSA,AMM-WH1,Books,0.51,4.42,0.0,DELIVERED,19/01/2025,10,
APG101052,2025-08-01,China,Iraq,Aramex,IST-WH1,Sports,1.35,7.72,0.0,delivered,2025-08-07 05:02,9,
APG100887,04-06-2025,Germany,Kuwait,Local Fleet ,AMM-WH1,Toys,3.4,17.55,0.0,In Transit,,10,
APG100322,14/06/2025,Germany,Iraq,,IST-WH1,,,,172.53,FAILED_DELIVERY,24/06/2025,10,Wrong Address
APG100101,2025-02-24,China,Iraq,Aramex,DXB-WH1,Books,0.19,2.14,0.0,Delivered,2025-03-06 22:37,9,
APG101134,2025-08-19,Jordan,Egypt,Local Fleet ,DXB-WH1,Fashion,2.04,11.35,0.0,DELIVERED,2025-08-24,2,
APG100085,2025-08-16,Germany,Iraq,FastCourier,AMM-WH2,Electronics,0.1,5.15,0.0,Delivered,2025-08-20 11:10,10,
APG100684,2025-01-09 02:00,UAE,Egypt,,AMM-WH1,,,,0.0,RTO,2025-01-12 15:06,4,Customer Not Available
APG100740,26/02/2025,China,Kuwait,SMSA,AMM-WH2,Toys,0.89,6.91,0.0,cancelled,05/03/2025,9,
APG100817,01-06-2025,Germany,Saudi Arabia,Local Fleet,IST-WH1,BEAUTY,1.31,11.85,0.0,Deliverd,2025-01-10 21:24,10,
APG100043,02/05/2025,China,Saudi Arabia,SMSA,AMM-WH2,  Beauty  ,1.21,8.6,0.0,Delivered,2025-05-07,9,
APG100123,07/05/2025,UAE,Iraq,FastCourier,DXB-WH1,Sports,1.53,11.96,0.0,Returned ,2025-05-15,4,
APG100938,24/02/2025,china,Egypt,Aramex,DXB-WH1,  Toys  ,5.21,30.87,0.0,delivered,2025-03-06 08:17,7,
APG101062,17/03/2025,China,Kuwait,FastCourier,AMM-WH2,HOME & GARDEN,1.38,7.23,0.0,Canceled,25/03/2025,9,
APG100579,01/08/2025,UK,Egypt,Local Fleet ,DXB-WH1,Toys,0.96,6.39,0.0,Deliverd,06/08/2025,10,
APG100548,2025-06-14,UAE,Egypt,Local Fleet ,AMM-WH1,Home & Garden,6.19,17.51,184.61,Deliverd,20/06/2025,4,
APG100572,05-01-2025,China,Jordan,SMSA,IST-WH1,Toys,2.38,14.13,207.11,Delivered,05/05/2025,9,
APG100294,09/08/2025,China,Egypt,Local Fleet,IST-WH1,Sports,4.97,24.97,0.0,Delivered,21/08/2025,9,
APG100911,2025-08-18 14:00,China,Saudi Arabia,SMSA,DXB-WH1,Books,3.61,15.34,0.0,delivered,2025-08-20,9,
APG100316,04-17-2025,Turkey,Iraq,DHL,AMM-WH2,Beauty,1.77,12.71,0.0,Delivered,25/04/2025,7,
APG100100,2025-05-20 20:00,Germany,UAE,Aramex,DXB-WH1,Beauty,2.55,9.56,213.53,DELIVERED,27/05/2025,10,
APG100591,04-12-2025,Germany,UAE,Local Fleet,DXB-WH1,Electronics,4.87,20.29,0.0,CANCELLED,2025-04-20,10,
APG100614,04-12-2025,China,Saudi Arabia,Local Fleet ,AMM-WH1,Fashion,6.44,26.09,58.06,Delivered,15/04/2025,9,
APG100416,2025-04-02 04:00,UAE,Egypt,Aramex,IST-WH1,Electronics,0.49,6.33,0.0,Delivered,07/04/2025,4,
APG100238,2025-06-06,UK,Kuwait,Local Fleet,IST-WH1,Home & Garden,0.76,7.8,0.0,Delivered,13/06/2025,10,
APG101146,02-10-2025,UK,Iraq,Local Fleet ,IST-WH1,  Toys  ,0.1,2.6,233.88,IN TRANSIT,,10,
APG100109,03-07-2025,Turkey,Iraq,Local Fleet ,AMM-WH1,Beauty,1.42,5.34,0.0,delivered,2025-03-20 10:09,7,
APG100741,22/02/2025,Germany,Kuwait,aramex,DXB-WH1,Electronics,0.3,3.19,0.0,delivered,2025-02-25,10,
APG101029,2025-01-19,Germany,Jordan,SMSA,IST-WH1,Beauty,0.57,5.65,0.0,DELIVERED,2025-01-25 05:11,10,
APG100439,2025-05-17 00:00,UAE,Jordan,Aramex,DXB-WH1,  Home & Garden  ,1.73,7.84,0.0,delivered,2025-05-22 05:24,4,
APG101106,2025-06-12 15:00,Germany,Saudi Arabia,Local Fleet,IST-WH1,  Home & Garden  ,0.28,3.35,208.14,Deliverd,2025-06-18 21:00,10,
APG100707,06-15-2025,Germany,UAE,Local Fleet ,DXB-WH1,Electronics,0.83,5.2,0.0,delivered,2025-06-19 16:19,10,
APG100640,2025-04-05 09:00,Jordan,Iraq,FastCourier,AMM-WH1,Electronics,1.27,10.4,67.52,Failed Delivery,2025-04-10 17:02,2,Warehouse Delay
APG100255,07-13-2025,Germany,Iraq,Local Fleet ,AMM-WH1,Electronics,10.38,28.9,0.0,Deliverd,2025-07-17,10,
APG100501,01-07-2025,China,KSA,Local Fleet ,AMM-WH2,  Books  ,4.98,31.38,0.0,Delivered,2025-01-11 09:42,9,
APG100701,07-07-2025,Germany,Kuwait,DHL,AMM-WH2,Toys,0.95,6.82,0.0,delivered,2025-07-11 11:29,10,
APG100835,2025-08-11,Turkey,Saudi Arabia,SMSA,IST-WH1,Fashion,0.14,4.95,0.0,Canceled,2025-08-16,7,
APG100520,04/03/2025,UAE,Egypt,SMSA,AMM-WH1,Beauty,2.14,12.16,151.83,delivered,2025-03-11,4,
APG100142,2025-01-18 16:00,UK,UAE,SMSA,IST-WH1,Books,6.3,19.26,0.0,Delivered,2025-01-23 01:33,10,
APG100684,09/01/2025,UAE,Egypt,,AMM-WH1,,,,0.0,RTO,12/01/2025,4,Customer Not Available
APG100184,2025-01-04 23:00,Germany,Saudi Arabia,aramex,AMM-WH2,Home & Garden,0.58,6.23,225.29,DELIVERED,2025-01-10,10,
APG100947,2025-08-09 04:00,UAE,UAE,Local Fleet ,AMM-WH1,Beauty,0.1,2.39,124.7,IN TRANSIT,,4,
APG100771,07-30-2025,UAE,Kuwait,DHL,AMM-WH1,Books,0.1,2.17,39.8,delivered,2025-08-05 18:18,4,
APG100569,28/04/2025,China,Kuwait,,AMM-WH2,Home & Garden,,,0.0,delivered,2025-05-04 16:07,9,
APG101063,03-06-2025,UK,Egypt,DHL,AMM-WH2,Home & Garden,1.53,8.56,0.0,Deliverd,2025-03-07 19:56,10,
APG101180,2025-03-07 10:00,Turkey,Saudi Arabia,aramex,IST-WH1,Toys,0.14,4.35,0.0,Deliverd,2025-03-12,7,
APG100546,2025-07-19 02:00,Turkey,Saudi Arabia,aramex,IST-WH1,Electronics,0.37,6.41,0.0,DELIVERED,22/07/2025,7,
APG100573,01-22-2025,Jordan,Saudi Arabia,Local Fleet ,IST-WH1,Sports,2.76,17.61,0.0,Delivered,25/01/2025,2,
APG100380,08-06-2025,Jordan,Iraq,DHL,AMM-WH2,Fashion,0.24,3.13,0.0,delivered,2025-08-12,2,
APG101001,22/04/2025,UAE,UAE,DHL,AMM-WH1,Electronics,0.36,5.18,0.0,delivered,2025-04-24 22:03,4,
APG100185,23/01/2025,UK,UAE,DHL,IST-WH1,Fashion,0.42,3.52,0.0,Delivered,29/01/2025,10,
APG100310,2025-01-21,China,Kuwait,aramex,AMM-WH2,Sports,1.16,8.32,0.0,Returned ,2025-01-29 01:27,9,Wrong Address
APG100976,2025-07-30 09:00,UK,Jordan,Local Fleet ,AMM-WH1,Home & Garden,0.9,5.97,0.0,Deliverd,2025-08-01,10,
APG100841,23/06/2025,China,Kuwait,SMSA,AMM-WH1,Beauty,3.98,19.06,0.0,delivered,28/06/2025,9,
APG100263,2025-08-09 18:00,UAE,Kuwait,Local Fleet,AMM-WH2,Toys,0.95,9.73,0.0,Deliverd,2025-08-12,4,
APG100644,03-08-2025,UAE,Iraq,Local Fleet,DXB-WH1,Beauty,1.35,6.63,0.0,Delivered,2025-03-15 03:29,4,
APG100927,08-18-2025,Turkey,UAE,Aramex,DXB-WH1,Beauty,2.19,14.3,0.0,In Transit,,7,
APG101030,05/07/2025,Germany,Saudi Arabia,DHL,DXB-WH1,Electronics,2.14,13.21,0.0,Delivered,11/07/2025,10,
APG100989,08-05-2025,China,Jordan,SMSA,DXB-WH1,Books,2.15,14.3,0.0,Delivered,08/08/2025,9,
APG100221,27/01/2025,Turkey,UAE,DHL,IST-WH1,Beauty,,8.97,0.0,Delivered,2025-02-01,7,
APG100661,05/03/2025,Jordan,Jordan,Aramex,AMM-WH1,Home & Garden,2.61,13.49,0.0,Failed Delivery,2025-03-10 16:45,2,Refused by Customer
APG100399,2025-07-12 03:00,UK,Egypt,SMSA,AMM-WH2,Sports,1.86,13.68,10.29,Delivered,2025-07-19,10,
APG100390,10/04/2025,UK,UAE,Aramex,DXB-WH1,Electronics,1.31,8.62,0.0,Deliverd,16/04/2025,10,
APG100789,20/03/2025,Jordan,Kuwait,FastCourier,AMM-WH1,Beauty,2.93,14.6,0.0,Failed,27/03/2025,2,Customer Not Available
APG100160,06-09-2025,UAE,Iraq,FastCourier,AMM-WH1,Electronics,0.51,6.21,0.0,Failed,2025-06-17,4,Customs Delay
APG100048,05-19-2025,Jordan,UAE,Aramex,IST-WH1,Fashion,0.37,5.51,0.0,Deliverd,27/05/2025,2,
APG100610,2025-01-28 05:00,Jordan,Iraq,SMSA,AMM-WH2,Beauty,1.96,11.06,0.0,DELIVERED,2025-02-03 12:49,2,
APG101163,07-17-2025,UAE,Saudi Arabia,DHL,AMM-WH1,Beauty,5.01,29.65,0.0,Delivered,2025-07-22 20:16,4,
APG100898,2025-05-09 16:00,Germany,Saudi Arabia,DHL,DXB-WH1,Home & Garden,2.15,12.51,113.42,Failed,20/05/2025,10,Customs Delay
APG100167,2025-07-15,Germany,UAE,Aramex,AMM-WH1,Beauty,0.43,3.71,0.0,In Transit ,,10,
APG100796,01-28-2025,Germany,Jordan,aramex,DXB-WH1,Fashion,2.43,17.16,0.0,DELIVERED,03/02/2025,10,
APG100832,19/04/2025,Turkey,Iraq,FastCourier,AMM-WH1,Fashion,,4.29,0.0,delivered,02/05/2025,7,
APG101028,2025-06-28,UAE,Kuwait,Local Fleet ,AMM-WH1,Home & Garden,0.55,6.32,0.0,in-transit,,4,
APG100705,2025-08-02 23:00,Jordan,Kuwait,aramex,IST-WH1,Fashion,0.11,4.24,0.0,delivered,07/08/2025,2,
APG100624,08-22-2025,UK,Jordan,aramex,AMM-WH1,Home & Garden,2.78,11.31,88.27,Delivered,2025-08-26 19:47,10,
APG100810,2025-07-16,UAE,Egypt,SMSA,IST-WH1,Sports,3.42,20.52,241.9,Failed Delivery,2025-07-23 12:02,4,Customs Delay
APG100954,08/02/2025,Jordan,Saudi Arabia,Aramex,DXB-WH1,Beauty,3.28,13.64,101.81,Returned ,17/02/2025,2,Customs Delay
APG100352,2025-06-08 20:00,China,Egypt,FastCourier,AMM-WH2,Toys,3.07,17.53,0.0,DELIVERED,2025-06-18 04:48,9,
APG100689,04/03/2025,Germany,Iraq,aramex,AMM-WH2,Fashion,0.13,3.34,108.23,Deliverd,09/03/2025,10,
APG101082,2025-02-25 20:00,UAE,Jordan,SMSA,AMM-WH2,Electronics,0.12,4.15,0.0,DELIVERED,2025-03-02 07:19,4,
APG101018,2025-04-06 21:00,Turkey,KSA,Aramex,IST-WH1,Sports,0.39,3.74,0.0,Deliverd,13/04/2025,7,
APG100457,2025-06-18,UK,UAE,Local Fleet,DXB-WH1,Home & Garden,2.61,16.89,0.0,Deliverd,2025-06-24 17:48,10,
APG100537,2025-03-02,Turkey,Iraq,aramex,AMM-WH1,Toys,1.04,5.19,0.0,in-transit,,7,
APG101171,14/04/2025,UAE,UAE,Local Fleet,DXB-WH1,Toys,0.45,2.27,16.84,Failed,2025-04-18 08:16,4,Customer Not Available
APG100066,2025-08-29,China,UAE,aramex,IST-WH1,Electronics,,6.81,0.0,Delivered,2025-09-04 05:51,9,
APG100187,2025-06-25,UAE,Kuwait,Local Fleet ,DXB-WH1,Electronics,2.48,11.27,239.77,DELIVERED,28/06/2025,4,
APG100589,15/01/2025,China,UAE,FastCourier,AMM-WH2,Toys,1.02,9.41,0.0,delivered,2025-01-19 01:53,9,
APG100955,14/04/2025,Turkey,Saudi Arabia,SMSA,IST-WH1,TOYS,1.41,5.26,0.0,RTO,21/04/2025,7,Customs Delay
APG101039,2025-01-03 07:00,Germany,Iraq,FastCourier,AMM-WH2,Beauty,0.18,2.94,0.0,delivered,2025-01-08 23:53,10,
APG101037,2025-06-21 03:00,Turkey,Iraq,Local Fleet ,AMM-WH2,Books,10.01,52.82,0.0,RTO,01/07/2025,7,
APG100273,08-10-2025,China,Kuwait,Local Fleet,IST-WH1,Electronics,4.02,11.96,0.0,DELIVERED,2025-08-15 20:44,9,
APG100706,2025-06-20,China,Egypt,SMSA,IST-WH1,Fashion,2.09,8.89,170.91,Deliverd,2025-06-30 03:48,9,
APG100775,2025-07-24,UAE,Jordan,Local Fleet ,AMM-WH1,Fashion,1.2,6.18,0.0,delivered,30/07/2025,4,
APG100312,2025-02-08,China,Kuwait,Aramex,AMM-WH1,Toys,1.63,13.03,221.23,Delivered,13/02/2025,9,
APG100029,2025-03-18 21:00,Germany,Egypt,DHL,AMM-WH1,Home & Garden,1.28,11.16,0.0,Delivered,24/03/2025,10,
APG100165,2025-03-22 06:00,UK,Iraq,SMSA,IST-WH1,Toys,1.48,8.52,15.56,delivered,29/03/2025,10,
APG100582,06/01/2025,UAE,Jordan,SMSA,DXB-WH1,Toys,,9.81,126.68,DELIVERED,13/01/2025,4,
APG100564,2025-02-10 21:00,Jordan,Saudi Arabia,Local Fleet,AMM-WH2,Home & Garden,4.99,22.4,203.24,Cancelled,2025-02-17,2,
APG100098,2025-03-02 17:00,China,Jordan,Local Fleet,IST-WH1,Sports,2.41,14.89,0.0,returned,2025-03-09,9,
APG101064,2025-02-08,Jordan,Saudi Arabia,Aramex,AMM-WH2,  Home & Garden  ,4.58,16.02,0.0,Delivered,2025-02-13 04:19,2,
APG100996,2025-01-15,Jordan,Egypt,FastCourier,DXB-WH1,Beauty,0.1,1.61,0.0,Delivered,2025-01-20 08:33,2,
APG100131,2025-02-19,Turkey,Kuwait,DHL,DXB-WH1,Electronics,3.11,18.37,0.0,delivered,2025-02-24 15:49,7,
APG100638,06/02/2025,Jordan,Saudi Arabia,DHL,IST-WH1,Home & Garden,0.3,5.63,0.0,delivered,2025-02-10 12:28,2,
APG100403,2025-05-25 11:00,UK,Kuwait,Local Fleet ,AMM-WH2,Beauty,1.24,9.03,0.0,DELIVERED,2025-05-31,10,
APG100821,02/04/2025,China,Jordan,Aramex,DXB-WH1,Toys,1.32,10.92,160.47,cancelled,10/04/2025,9,
APG100368,2025-04-30 22:00,China,UAE,Aramex,DXB-WH1,Fashion,0.45,6.16,0.0,in-transit,,9,
APG100097,2025-06-15,UK,Saudi Arabia,Local Fleet ,IST-WH1,Home & Garden,0.59,2.9,18.93,Deliverd,22/06/2025,10,
APG100984,08-08-2025,Turkey,Egypt,Local Fleet,IST-WH1,Sports,0.1,2.13,0.0,delivered,19/08/2025,7,
APG100490,2025-03-06,Jordan,Jordan,Local Fleet ,AMM-WH1,Sports,2.36,10.48,0.0,delivered,2025-03-07,2,
APG101121,02-18-2025,Jordan,Kuwait,FastCourier,AMM-WH2,Fashion,4.35,23.17,29.32,Delivered,2025-02-24,2,
APG100225,2025-03-19,China,Saudi Arabia,Local Fleet,IST-WH1,  Books  ,4.14,24.32,0.0,Deliverd,2025-03-24 00:39,9,
APG100304,2025-08-04,UK,Egypt,Aramex,AMM-WH1,Beauty,2.37,12.02,0.0,failed delivery,2025-08-10,10,Wrong Address
APG100664,2025-04-08,UK,Egypt,Local Fleet,AMM-WH2,Fashion,1.07,10.75,0.0,Deliverd,2025-04-12,10,
APG100944,01-27-2025,Turkey,Egypt,Aramex,AMM-WH1,Fashion,0.19,5.58,0.0,cancelled,2025-02-04 07:23,7,
APG100723,2025-06-10,China,Egypt,DHL,DXB-WH1,Beauty,1.57,7.1,0.0,delivered,2025-06-19,9,
APG100104,2025-03-22,China,Kuwait,aramex,AMM-WH1,Fashion,0.27,4.31,82.35,In Transit,,9,
APG100934,2025-06-02,Jordan,Kuwait,aramex,AMM-WH1,Home & Garden,0.56,5.31,0.0,DELIVERED,2025-06-07 13:13,2,
APG100111,2025-05-10 06:00,China,Egypt,Local Fleet ,AMM-WH2,Beauty,0.69,6.17,0.0,delivered,2025-05-19,9,
APG100022,03/08/2025,Germany,Egypt,aramex,AMM-WH2,  Books  ,0.22,3.62,61.3,Delivered,09/08/2025,10,
APG100171,2025-03-18 15:00,Germany,Egypt,Local Fleet,AMM-WH1,Home & Garden,1.75,13.71,0.0,Delivered,2025-03-25,10,
APG100345,06/08/2025,Jordan,Iraq,Local Fleet ,AMM-WH2,Books,1.62,8.48,0.0,Deliverd,11/08/2025,2,
APG100917,2025-07-12,Jordan,Iraq,Local Fleet ,AMM-WH1,BEAUTY,,8.18,60.85,Delivered,2025-07-15 03:03,2,
APG100073,2025-07-15,UK,Jordan,SMSA,AMM-WH2,Home & Garden,3.45,23.41,0.0,CANCELLED,22/07/2025,10,
APG100966,2025-04-21,UK,Jordan,Local Fleet,AMM-WH1,Electronics,1.22,8.92,0.0,DELIVERED,26/04/2025,10,
APG100450,18/06/2025,Germany,Jordan,DHL,IST-WH1,Toys,0.82,5.86,77.95,Deliverd,23/06/2025,10,
APG100216,2025-06-18 01:00,UK,Egypt,Local Fleet,AMM-WH2,Electronics,6.04,31.52,181.05,failed delivery,2025-06-24,10,Wrong Address
APG100389,2025-05-04 11:00,Germany,Iraq,DHL,IST-WH1,Books,0.1,2.39,0.0,Delivered,11/05/2025,10,
APG101077,2025-04-18 03:00,UAE,Jordan,SMSA,AMM-WH1,Sports,0.29,5.48,0.0,Delivered,2025-04-22 09:19,4,
APG100196,14/03/2025,Turkey,UAE,Local Fleet ,AMM-WH2,BEAUTY,0.76,5.25,0.0,delivered,2025-03-20 21:10,7,
APG100106,2025-06-25 03:00,Jordan,Kuwait,Local Fleet ,AMM-WH1,Beauty,0.32,4.1,0.0,Deliverd,2025-06-27 23:18,2,
APG100829,06-18-2025,UK,UAE,SMSA,DXB-WH1,Sports,0.1,5.38,0.0,FAILED_DELIVERY,2025-06-24 09:00,10,Wrong Address
APG101118,05-21-2025,Germany,Kuwait,aramex,IST-WH1,Fashion,13.9,80.67,0.0,DELIVERED,2025-05-27 05:28,10,
APG100567,01-19-2025,Jordan,Saudi Arabia,Aramex,AMM-WH2,Beauty,1.28,7.61,0.0,Deliverd,2025-01-25 02:07,2,
APG100092,02-26-2025,UK,UAE,FastCourier,AMM-WH2,Home & Garden,6.7,36.1,0.0,in-transit,,10,
APG100611,01-29-2025,China,Kuwait,Local Fleet,DXB-WH1,  Sports  ,0.1,1.61,0.0,returned,05/02/2025,9,
APG100787,21/01/2025,Turkey,Kuwait,SMSA,IST-WH1,Fashion,1.76,10.14,0.0,Deliverd,2025-01-21,7,
APG100892,05-03-2025,Germany,Kuwait,aramex,AMM-WH2,Beauty,1.42,6.31,0.0,Deliverd,2025-05-10 13:12,10,
APG100766,2025-08-22,Jordan,Kuwait,Local Fleet ,AMM-WH1,Toys,1.17,9.32,0.0,delivered,2025-08-23 11:08,2,
APG100850,05-06-2025,China,Kuwait,Local Fleet ,DXB-WH1,Fashion,9.47,52.69,105.97,Returned ,2025-05-14,9,Refused by Customer
APG100244,2025-03-10,UK,Jordan,FastCourier,AMM-WH1,Books,1.68,11.43,62.45,DELIVERED,16/03/2025,10,
APG100909,20/02/2025,Turkey,Saudi Arabia,SMSA,AMM-WH2,Beauty,3.57,23.74,229.02,IN TRANSIT,,7,
APG100318,2025-08-13,UAE,Saudi Arabia,SMSA,DXB-WH1,Electronics,0.1,2.59,207.64,Failed Delivery,2025-08-20,4,Wrong Address
APG100905,2025-03-26 02:00,UAE,Kuwait,FastCourier,AMM-WH2,Beauty,2.39,14.75,0.0,Failed,2025-03-30 11:21,4,Refused by Customer
APG100868,2025-06-30 17:00,Turkey,Jordan,Local Fleet ,IST-WH1,Fashion,0.49,4.95,0.0,DELIVERED,2025-07-06,7,
APG100746,08-24-2025,Germany,Saudi Arabia,aramex,DXB-WH1,Toys,0.77,6.36,0.0,delivered,28/08/2025,10,
APG100539,2025-02-12,China,Jordan,SMSA,IST-WH1,Home & Garden,4.06,24.76,137.8,Deliverd,20/02/2025,9,
APG100719,2025-06-12,Germany,UAE,Local Fleet,DXB-WH1,Fashion,1.01,6.57,0.0,IN TRANSIT,,10,
APG100200,2025-04-20 17:00,Germany,Iraq,Aramex,IST-WH1,Home & Garden,0.32,3.96,0.0,Deliverd,26/04/2025,10,
APG101059,2025-02-23 17:00,Turkey,Iraq,FastCourier,DXB-WH1,Beauty,1.98,13.54,120.73,Deliverd,2025-03-06,7,
APG100498,16/03/2025,UK,Jordan,Aramex,DXB-WH1,  Sports  ,2.53,11.9,0.0,delivered,2025-03-21,10,
APG100934,2025-06-02,Jordan,Kuwait,aramex,AMM-WH1,Home & Garden,0.56,5.31,0.0,DELIVERED,07/06/2025,2,
APG100974,2025-07-13 04:00,Jordan,Jordan,FastCourier,DXB-WH1,Toys,0.71,5.26,0.0,RTO,2025-07-17,2,Customer Not Available
APG100904,2025-04-10,China,Saudi Arabia,SMSA,IST-WH1,Sports,1.23,5.27,36.0,Returned,17/04/2025,9,
APG100397,2025-02-06 18:00,Jordan,Egypt,FastCourier,DXB-WH1,Sports,2.91,12.73,0.0,in-transit,,2,
APG100258,06/02/2025,Germany,Iraq,FastCourier,AMM-WH2,Sports,0.38,5.43,0.0,Delivered,2025-02-11,10,
APG101198,07-25-2025,Turkey,Kuwait,aramex,DXB-WH1,Home & Garden,0.71,6.18,0.0,Deliverd,2025-07-31 19:52,7,
APG100283,2025-01-27,China,Kuwait,Aramex,AMM-WH2,Electronics,0.57,5.98,0.0,Delivered,01/02/2025,9,
APG100232,04-11-2025,Jordan,UAE,Local Fleet,IST-WH1,Electronics,1.52,7.02,0.0,delivered,2025-04-15,2,
APG100237,24/07/2025,UK,KSA,Local Fleet,AMM-WH2,Home & Garden,1.41,7.83,0.0,in-transit,,10,
APG100458,2025-05-25,UK,Saudi Arabia,FastCourier,DXB-WH1,Sports,2.28,11.38,0.0,failed delivery,2025-06-04,10,Customer Not Available
APG100622,2025-06-01,Turkey,Kuwait,aramex,DXB-WH1,Home & Garden,1.42,7.22,0.0,DELIVERED,2025-06-07,7,
APG100463,14/08/2025,Turkey,UAE,aramex,AMM-WH2,  Electronics  ,1.7,13.1,232.88,Deliverd,19/08/2025,7,
APG100869,07-07-2025,Turkey,Saudi Arabia,Local Fleet,AMM-WH1,Electronics,0.1,4.26,0.0,delivered,12/07/2025,7,
APG101130,12/07/2025,Germany,Kuwait,Local Fleet,IST-WH1,Home & Garden,0.1,3.17,0.0,DELIVERED,20/07/2025,10,
APG100956,18/08/2025,China,Jordan,DHL,AMM-WH1,Electronics,1.73,10.52,177.88,DELIVERED,2025-08-23,9,
APG100408,2025-02-21,Jordan,Jordan,DHL,AMM-WH2,Electronics,1.0,8.35,0.0,In Transit ,,2,
APG101175,2025-02-03 04:00,UAE,Egypt,Local Fleet ,AMM-WH1,Electronics,0.1,2.63,0.0,delivered,2025-02-08,4,
APG100940,31/01/2025,Turkey,Kuwait,DHL,DXB-WH1,Toys,2.05,11.31,0.0,IN TRANSIT,,7,
APG100239,22/01/2025,UK,Egypt,Local Fleet,AMM-WH2,Electronics,5.3,20.65,176.42,delivered,25/01/2025,10,
APG101112,02-27-2025,China,Saudi Arabia,FastCourier,IST-WH1,Home & Garden,1.78,11.65,88.9,Failed,03/03/2025,9,
APG100297,02-16-2025,UK,Jordan,aramex,AMM-WH2,Toys,2.65,13.97,0.0,DELIVERED,25/02/2025,10,
APG101145,27/01/2025,UK,Kuwait,DHL,AMM-WH2,Toys,3.06,12.89,0.0,RTO,05/02/2025,10,Refused by Customer
APG100471,2025-01-06,Jordan,Kuwait,Local Fleet ,AMM-WH2,Toys,0.43,4.47,72.08,delivered,2025-01-11 11:45,2,
APG100804,06-29-2025,UK,UAE,Local Fleet ,IST-WH1,Sports,2.18,13.02,0.0,RTO,07/07/2025,10,Customer Not Available
APG100791,2025-05-31,Turkey,Iraq,Aramex,IST-WH1,Electronics,1.24,8.79,0.0,Deliverd,2025-06-10,7,
APG100467,20/02/2025,Jordan,Egypt,Local Fleet ,AMM-WH2,Toys,0.53,7.35,0.0,Deliverd,24/02/2025,2,
APG100885,05-02-2025,Turkey,Egypt,Local Fleet,AMM-WH2,  Home & Garden  ,0.46,3.2,214.79,Cancelled,2025-05-09,7,
APG100815,03-21-2025,UK,UAE,Local Fleet,IST-WH1,Books,0.4,3.75,79.96,In Transit,,10,
APG100980,30/07/2025,UK,UAE,aramex,AMM-WH1,Sports,2.02,11.65,0.0,Deliverd,2025-08-05 16:50,10,
APG100901,03-07-2025,Turkey,Kuwait,Aramex,IST-WH1,Toys,0.76,6.44,0.0,delivered,2025-03-13,7,
APG100742,2025-02-19,Turkey,Kuwait,Aramex,AMM-WH2,  Electronics  ,1.4,6.17,0.0,DELIVERED,23/02/2025,7,
APG100504,02/08/2025,UAE,UAE,aramex,AMM-WH2,Electronics,1.24,8.7,0.0,Returned ,05/08/2025,4,
APG100108,2025-08-13 17:00,Germany,Iraq,DHL,DXB-WH1,Beauty,1.54,10.9,0.0,returned,2025-08-19 02:21,10,
APG100378,2025-05-17,Jordan,Saudi Arabia,Local Fleet ,DXB-WH1,Beauty,1.77,11.95,0.0,in-transit,,2,
APG100071,07-22-2025,China,Saudi Arabia,SMSA,DXB-WH1,Sports,5.54,32.19,130.11,RTO,27/07/2025,9,
APG100830,2025-03-02 01:00,Germany,Jordan,aramex,AMM-WH2,Books,2.75,19.5,0.0,returned,2025-03-07,10,Warehouse Delay
APG100843,04/04/2025,UAE,Jordan,Aramex,IST-WH1,  Beauty  ,5.7,24.31,0.0,DELIVERED,2025-04-07 21:56,4,
APG100391,05-29-2025,Germany,UAE,SMSA,IST-WH1,Sports,0.15,4.18,0.0,delivered,2025-06-03 08:06,10,
APG100425,04-16-2025,Turkey,Jordan,aramex,AMM-WH2,Sports,0.33,5.09,0.0,DELIVERED,2025-04-23 09:01,7,
APG101032,2025-04-09,Turkey,UAE,Aramex,AMM-WH2,Books,2.71,12.97,0.0,failed delivery,15/04/2025,7,Wrong Address
APG100334,01-27-2025,Turkey,Saudi Arabia,DHL,AMM-WH1,  Electronics  ,6.26,24.35,0.0,DELIVERED,2025-01-31,7,
APG101081,23/01/2025,UK,Iraq,Aramex,AMM-WH1,Electronics,0.79,3.83,0.0,Deliverd,2025-01-28 00:27,10,
APG100436,04-06-2025,China,Egypt,SMSA,AMM-WH2,Beauty,0.18,4.5,103.53,CANCELLED,15/04/2025,9,
APG100811,30/01/2025,UAE,UAE,Aramex,DXB-WH1,Electronics,3.82,24.2,0.0,Delivered,01/02/2025,4,
APG100729,26/06/2025,Germany,Saudi Arabia,DHL,AMM-WH2,Fashion,0.67,3.7,0.0,Delivered,2025-06-30,10,
APG101095,03-04-2025,Jordan,Iraq,DHL,AMM-WH2,HOME & GARDEN,1.22,7.07,77.97,IN TRANSIT,,2,
APG100642,2025-08-28 07:00,Turkey,Jordan,DHL,AMM-WH2,Books,0.33,5.41,221.07,DELIVERED,02/09/2025,7,
APG100772,21/06/2025,UAE,Jordan,DHL,DXB-WH1,Beauty,3.23,13.94,0.0,In Transit ,,4,
APG101105,2025-03-18 20:00,Jordan,UAE,Local Fleet,AMM-WH1,Sports,6.31,30.09,0.0,Returned,2025-03-24 19:09,2,Refused by Customer
APG100119,05-27-2025,UK,Kuwait,Local Fleet,IST-WH1,ELECTRONICS,2.53,8.81,202.32,IN TRANSIT,,10,
APG100337,01-13-2025,UK,Egypt,Local Fleet ,AMM-WH1,Electronics,1.56,5.63,0.0,Delivered,19/01/2025,10,
APG100155,2025-07-22,UAE,Saudi Arabia,FastCourier,IST-WH1,Home & Garden,0.29,4.75,0.0,Cancelled,2025-07-30 11:26,4,
APG101031,2025-05-31,UK,Iraq,DHL,IST-WH1,Home & Garden,1.95,10.46,225.35,Delivered,06/06/2025,10,
APG100601,28/06/2025,Turkey,Iraq,Aramex,DXB-WH1,Toys,2.35,13.7,0.0,DELIVERED,2025-07-07,7,
APG100201,2025-02-17 17:00,Turkey,Kuwait,DHL,AMM-WH2,Books,4.09,18.36,0.0,Deliverd,2025-02-21 19:40,7,
APG101114,03-07-2025,Germany,Kuwait,Local Fleet ,AMM-WH1,Books,1.2,8.9,0.0,Delivered,2025-03-13,10,
APG101055,07-06-2025,China,Kuwait,Local Fleet ,IST-WH1,Electronics,0.33,5.98,0.0,RTO,2025-07-12,9,
APG100137,2025-04-17 01:00,Turkey,Jordan,FastCourier,AMM-WH2,Home & Garden,1.14,5.72,0.0,Deliverd,2025-04-22,7,
APG100916,29/08/2025,Germany,Egypt,aramex,AMM-WH1,Books,0.1,1.35,0.0,Delivered,2025-09-03 12:24,10,
APG100051,17/05/2025,UAE,Egypt,FastCourier,AMM-WH1,Toys,0.88,5.17,0.0,IN TRANSIT,,4,
APG100627,2025-03-18 11:00,UAE,Egypt,Local Fleet ,AMM-WH1,Books,3.68,23.17,0.0,FAILED_DELIVERY,24/03/2025,4,Warehouse Delay
APG100754,04/06/2025,UAE,Iraq,Aramex,DXB-WH1,Books,2.85,12.32,249.24,DELIVERED,2025-06-09,4,
APG101113,2025-03-29 10:00,UK,Jordan,Local Fleet,IST-WH1,Books,0.78,6.78,0.0,DELIVERED,2025-04-02,10,
APG100595,2025-03-19 15:00,Turkey,Egypt,DHL,AMM-WH1,Electronics,0.81,4.66,163.73,Deliverd,02/04/2025,7,
APG101049,08-09-2025,UK,Kuwait,Local Fleet,AMM-WH2,Books,1.05,8.3,0.0,in-transit,,10,
APG100242,2025-07-28,UAE,Saudi Arabia,SMSA,IST-WH1,BEAUTY,1.5,7.65,0.0,Returned ,2025-08-03 22:06,4,Warehouse Delay
APG100758,2025-07-12 12:00,Jordan,Iraq,Local Fleet,AMM-WH1,Toys,0.41,2.97,0.0,DELIVERED,2025-07-17,2,
APG100987,01/08/2025,UK,Egypt,Aramex,AMM-WH2,Electronics,5.79,22.83,129.86,Delivered,2025-08-04,10,
APG100099,29/08/2025,UK,Kuwait,Local Fleet ,AMM-WH2,  Home & Garden  ,0.51,6.87,0.0,Delivered,2025-09-06,10,
APG101110,2025-06-26 05:00,Turkey,Iraq,FastCourier,AMM-WH1,Sports,3.73,21.86,0.0,DELIVERED,06/07/2025,7,
APG100861,05-02-2025,Turkey,Iraq,Aramex,AMM-WH2,Fashion,1.95,11.58,0.0,delivered,2025-05-10,7,
APG100932,2025-06-16 09:00,Germany,Egypt,Local Fleet ,IST-WH1,Books,5.44,26.69,0.0,Deliverd,21/06/2025,10,
APG100679,16/01/2025,UAE,Iraq,SMSA,DXB-WH1,Toys,3.2,16.27,165.59,Delivered,2025-01-21 18:31,4,
APG100452,2025-05-27,China,Jordan,Local Fleet ,DXB-WH1,Beauty,0.84,4.13,0.0,Deliverd,2025-05-31 13:30,9,
APG100948,2025-07-17 23:00,Turkey,UAE,DHL,DXB-WH1,Electronics,1.71,12.71,0.0,Deliverd,2025-07-20,7,
APG100584,2025-03-14 14:00,UAE,UAE,FastCourier,DXB-WH1,Fashion,1.67,6.94,0.0,delivered,2025-03-16,4,
APG100084,2025-02-09 02:00,Jordan,Iraq,Local Fleet,IST-WH1,Home & Garden,0.74,7.94,214.56,Returned ,2025-02-18 03:09,2,Damaged Package
APG100881,2025-04-10,Turkey,Saudi Arabia,aramex,AMM-WH1,Electronics,3.76,21.84,0.0,Deliverd,16/04/2025,7,
APG100406,12/06/2025,UAE,Kuwait,aramex,IST-WH1,Fashion,0.1,3.32,0.0,Delivered,2025-06-17 04:19,4,
APG100635,04/07/2025,Germany,Jordan,Aramex,AMM-WH1,Books,2.14,9.89,25.26,Delivered,2025-07-09,10,
APG100695,2025-03-14,UK,Egypt,Local Fleet,DXB-WH1,Toys,1.53,9.52,0.0,Failed Delivery,2025-03-20 07:42,10,Customs Delay
APG100062,2025-04-05,Germany,Egypt,SMSA,DXB-WH1,Sports,2.12,10.73,0.0,DELIVERED,2025-04-09,10,
APG100147,2025-04-05,Germany,Kuwait,aramex,IST-WH1,Electronics,0.0,4.46,0.0,DELIVERED,13/04/2025,10,
APG100401,03-07-2025,Jordan,Saudi Arabia,Aramex,IST-WH1,Home & Garden,0.45,2.55,0.0,failed delivery,2025-03-14 09:04,2,Wrong Address
APG100662,2025-04-28 22:00,China,Jordan,Local Fleet,AMM-WH1,Toys,1.97,8.37,159.37,FAILED_DELIVERY,2025-05-05,9,Damaged Package
APG100163,13/04/2025,Germany,UAE,FastCourier,AMM-WH1,Toys,2.0,10.1,0.0,DELIVERED,2025-04-15,10,
APG100762,01-29-2025,Jordan,Saudi Arabia,SMSA,AMM-WH1,Sports,5.62,26.32,0.0,Deliverd,03/02/2025,2,
APG100060,14/08/2025,Turkey,UAE,FastCourier,AMM-WH2,Electronics,4.12,15.41,0.0,DELIVERED,2025-08-20,7,
APG100307,05-25-2025,UAE,UAE,,AMM-WH1,Sports,,,0.0,delivered,2025-05-27,4,
APG100004,2025-04-08 03:00,China,Jordan,FastCourier,AMM-WH1,Home & Garden,0.43,5.32,243.55,Failed,16/04/2025,9,Wrong Address
APG100317,2025-07-22 05:00,China,Egypt,Local Fleet,IST-WH1,Sports,0.1,4.7,0.0,Delivered,2025-07-31,9,
APG100760,2025-06-13,UK,Kuwait,DHL,AMM-WH2,Electronics,3.61,13.19,0.0,Delivered,2025-06-20 10:28,10,
APG100982,2025-04-11 12:00,Germany,UAE,SMSA,IST-WH1,Beauty,0.1,2.44,38.83,Delivered,2025-04-15 02:55,10,
APG100677,2025-01-06 14:00,Jordan,Kuwait,FastCourier,IST-WH1,Books,0.37,2.02,161.3,returned,2025-01-13,2,
APG101086,2025-07-27 21:00,Turkey,Iraq,Local Fleet ,DXB-WH1,  Toys  ,0.27,4.85,71.97,Failed,2025-08-04,7,Warehouse Delay
APG101115,2025-04-05,china,Egypt,aramex,IST-WH1,Home & Garden,4.3,22.02,0.0,DELIVERED,2025-04-08 23:17,10,
APG100652,21/08/2025,UK,Kuwait,FastCourier,IST-WH1,Sports,0.77,5.03,219.15,DELIVERED,27/08/2025,10,
APG100120,01-23-2025,Germany,UAE,DHL,IST-WH1,Beauty,4.19,20.74,0.0,Delivered,30/01/2025,10,
APG100957,26/01/2025,Jordan,Kuwait,SMSA,AMM-WH2,Fashion,0.13,3.07,0.0,DELIVERED,2025-02-01,2,
APG100211,05/01/2025,Germany,Kuwait,Aramex,DXB-WH1,Electronics,0.1,2.58,130.53,Deliverd,2025-01-09 21:37,10,
APG100510,2025-01-10 14:00,UAE,Iraq,Local Fleet ,AMM-WH1,Books,3.57,13.71,0.0,Deliverd,2025-01-15 13:40,4,
APG100524,02-08-2025,UAE,Iraq,SMSA,IST-WH1,Toys,1.0,6.91,0.0,DELIVERED,2025-02-15 08:51,4,
APG100248,2025-07-28,UK,Iraq,aramex,IST-WH1,BOOKS,0.73,9.14,0.0,delivered,2025-08-03,10,
APG100267,2025-04-27,Jordan,Jordan,Local Fleet,AMM-WH2,Sports,0.49,5.26,0.0,Delivered,2025-04-29,2,
APG100571,06/07/2025,Turkey,Jordan,SMSA,AMM-WH2,Toys,0.41,5.67,0.0,failed delivery,11/07/2025,7,
APG101097,2025-05-09,Turkey,UAE,Aramex,AMM-WH2,Sports,0.72,3.9,60.7,Deliverd,15/05/2025,7,
APG100130,2025-07-28 04:00,Germany,UAE,Local Fleet ,IST-WH1,Sports,0.19,1.89,0.0,Delivered,01/08/2025,10,
APG100280,07-17-2025,UK,UAE,Local Fleet,DXB-WH1,Beauty,0.1,1.91,0.0,Deliverd,2025-07-23 21:43,10,
APG100523,06-15-2025,china,Kuwait,Aramex,AMM-WH2,Fashion,1.76,14.48,0.0,Delivered,21/06/2025,7,
APG100082,12/01/2025,UAE,Kuwait,Local Fleet ,IST-WH1,Books,1.25,8.47,0.0,Deliverd,18/01/2025,4,
APG101080,26/06/2025,UK,Saudi Arabia,DHL,AMM-WH1,Sports,0.64,5.54,38.25,Deliverd,2025-07-02 09:15,10,
APG101041,01-10-2025,Germany,Saudi Arabia,Local Fleet ,AMM-WH2,Toys,10.88,54.42,0.0,Failed,2025-01-18 12:24,10,Warehouse Delay
APG100470,2025-04-06,UAE,Iraq,Aramex,AMM-WH2,Fashion,1.66,13.48,0.0,Returned,2025-04-13 13:11,4,Warehouse Delay
APG100179,08-20-2025,China,Iraq,Local Fleet ,AMM-WH1,Fashion,0.1,2.61,0.0,delivered,2025-08-27 04:51,9,
APG101151,2025-05-05 07:00,Germany,Iraq,FastCourier,IST-WH1,Toys,2.39,7.7,0.0,DELIVERED,2025-05-12,10,
APG101173,29/01/2025,Jordan,Jordan,SMSA,IST-WH1,Books,0.65,5.34,0.0,Deliverd,2025-01-31 07:06,2,
APG100621,05/05/2025,Germany,Kuwait,Local Fleet ,IST-WH1,Toys,0.96,8.42,131.6,Deliverd,2025-05-10,10,
APG100923,03/08/2025,Germany,UAE,Local Fleet,AMM-WH1,Fashion,0.98,5.52,0.0,delivered,2025-08-10,10,
APG100943,2025-07-18 10:00,China,Egypt,FastCourier,IST-WH1,Electronics,2.01,12.06,0.0,Deliverd,2025-07-30 05:27,9,
APG100527,05-20-2025,Jordan,Kuwait,SMSA,AMM-WH2,Fashion,0.54,6.77,96.47,delivered,2025-05-24 09:14,2,
APG100580,01-23-2025,UAE,Kuwait,DHL,AMM-WH1,Home & Garden,0.1,2.39,177.3,IN TRANSIT,,4,
APG101027,02-02-2025,Germany,Jordan,DHL,AMM-WH2,Electronics,0.57,5.57,103.15,FAILED_DELIVERY,2025-02-07 21:06,10,Damaged Package
APG100845,2025-07-31 01:00,Germany,Egypt,FastCourier,IST-WH1,Books,0.58,2.59,0.0,Deliverd,2025-08-08,10,
APG100678,29/05/2025,Jordan,Iraq,Aramex,IST-WH1,Beauty,0.49,5.42,156.76,DELIVERED,2025-06-06,2,
APG100112,2025-02-27,Turkey,Egypt,Local Fleet ,DXB-WH1,Books,0.1,2.35,0.0,Failed Delivery,2025-03-08,7,Damaged Package
APG100469,06-17-2025,Turkey,Egypt,DHL,IST-WH1,Home & Garden,1.81,11.23,0.0,DELIVERED,26/06/2025,7,
APG101168,03-12-2025,Jordan,Jordan,Aramex,AMM-WH2,Fashion,3.12,10.77,0.0,DELIVERED,2025-03-13,2,
APG100015,2025-05-05,China,Iraq,DHL,IST-WH1,Sports,0.39,3.93,136.64,delivered,2025-05-15,9,
APG100215,2025-08-18,UK,Jordan,DHL,IST-WH1,Fashion,4.77,21.15,0.0,Delivered,2025-08-19,10,
APG100883,24/08/2025,UAE,Iraq,SMSA,IST-WH1,TOYS,2.61,14.42,0.0,Deliverd,2025-08-28 12:50,4,
APG100328,2025-06-17 02:00,Germany,UAE,Local Fleet,DXB-WH1,  Fashion  ,5.39,25.95,0.0,delivered,2025-06-22,10,
APG100161,2025-06-08,UK,Kuwait,Local Fleet ,DXB-WH1,Toys,1.68,10.18,68.77,Returned,2025-06-13 17:25,10,Warehouse Delay
APG100477,2025-02-05,Jordan,Iraq,FastCourier,AMM-WH2,Sports,0.18,4.0,0.0,Deliverd,2025-02-11,2,
APG100009,2025-05-08,UAE,Iraq,DHL,AMM-WH2,Home & Garden,0.1,3.58,73.06,Deliverd,2025-05-13 14:25,4,
APG100459,01-05-2025,Turkey,Egypt,Local Fleet,DXB-WH1,Electronics,4.71,29.86,0.0,delivered,2025-01-16,7,
APG100027,2025-08-26 02:00,Jordan,UAE,SMSA,AMM-WH1,Toys,1.23,5.24,0.0,In Transit,,2,
APG101136,04-28-2025,Turkey,Kuwait,aramex,AMM-WH2,Sports,0.58,5.41,0.0,In Transit,,7,
APG101019,08-18-2025,Turkey,Kuwait,Local Fleet,AMM-WH1,Toys,2.56,9.01,0.0,RTO,2025-08-25 16:33,7,Wrong Address
APG100697,05-27-2025,Jordan,UAE,SMSA,AMM-WH2,Home & Garden,1.73,14.16,0.0,Delivered,01/06/2025,2,
APG100851,07-22-2025,China,Jordan,DHL,AMM-WH1,Home & Garden,1.62,10.35,0.0,delivered,2025-07-24,9,
APG101183,07-18-2025,Germany,Saudi Arabia,Local Fleet ,DXB-WH1,Sports,0.79,7.55,0.0,delivered,2025-07-20 22:37,10,
APG100612,2025-06-03,Turkey,Kuwait,Local Fleet ,IST-WH1,Books,0.54,4.41,246.39,DELIVERED,09/06/2025,7,
APG100183,04-27-2025,Turkey,UAE,DHL,IST-WH1,  Books  ,4.57,20.02,89.36,FAILED_DELIVERY,2025-05-04,7,Warehouse Delay
APG101068,2025-06-04,UK,Egypt,DHL,AMM-WH1,Fashion,0.43,7.21,0.0,Deliverd,2025-06-08 04:42,10,
APG100026,2025-05-30,Jordan,Iraq,Local Fleet,DXB-WH1,Fashion,2.25,10.09,0.0,DELIVERED,2025-06-06 18:49,2,
APG100969,21/07/2025,Turkey,UAE,Local Fleet ,AMM-WH2,Home & Garden,2.08,14.24,0.0,failed delivery,30/07/2025,7,Warehouse Delay
APG100497,2025-05-29,Jordan,Iraq,Aramex,DXB-WH1,Books,1.76,10.98,206.86,Delivered,2025-06-05,2,
APG101090,2025-05-02,Germany,Kuwait,Local Fleet ,DXB-WH1,  Home & Garden  ,0.98,6.71,0.0,DELIVERED,2025-05-06,10,
APG100742,2025-02-19,Turkey,Kuwait,Aramex,AMM-WH2,Electronics,1.4,6.17,0.0,DELIVERED,23/02/2025,7,
APG100839,2025-04-01,UAE,Kuwait,,AMM-WH2,,,,237.39,DELIVERED,2025-04-07 07:56,4,
APG100896,2025-08-18 23:00,Turkey,Kuwait,FastCourier,AMM-WH2,Books,0.19,4.68,0.0,In Transit,,7,
APG100050,2025-03-11,Jordan,Saudi Arabia,Aramex,DXB-WH1,  Beauty  ,0.46,6.42,183.8,Deliverd,2025-03-15,2,
APG100440,2025-05-07,UAE,Jordan,aramex,IST-WH1,Books,1.52,11.96,0.0,Failed,2025-05-14 01:23,4,Wrong Address
APG100039,2025-06-19 03:00,UK,UAE,FastCourier,IST-WH1,Home & Garden,2.19,11.76,0.0,DELIVERED,2025-06-23 21:11,10,
APG100849,2025-01-11 04:00,UAE,UAE,Local Fleet,AMM-WH2,Electronics,0.39,6.68,0.0,CANCELLED,2025-01-14 02:04,4,
APG101186,17/08/2025,UK,Kuwait,Local Fleet,DXB-WH1,Fashion,3.16,9.91,0.0,Deliverd,22/08/2025,10,
APG100950,27/01/2025,UAE,Kuwait,aramex,DXB-WH1,Toys,3.78,21.76,0.0,delivered,02/02/2025,4,
APG100587,26/08/2025,UAE,Kuwait,Local Fleet ,DXB-WH1,Toys,2.21,12.71,0.0,failed delivery,2025-08-31,4,
APG100894,13/06/2025,UK,Saudi Arabia,FastCourier,AMM-WH1,Toys,0.1,4.61,0.0,returned,19/06/2025,10,Wrong Address
APG101061,08-11-2025,UAE,Kuwait,SMSA,IST-WH1,Fashion,2.92,13.23,0.0,Failed Delivery,2025-08-21,4,Warehouse Delay
APG100383,09/02/2025,Germany,Egypt,aramex,IST-WH1,Home & Garden,1.09,5.62,198.56,DELIVERED,2025-02-16,10,
APG100466,13/01/2025,UK,Iraq,Local Fleet,IST-WH1,Electronics,1.34,9.8,0.0,Deliverd,2025-01-18,10,
APG100344,13/08/2025,UK,UAE,Local Fleet,DXB-WH1,Books,0.14,3.04,0.0,In Transit,,10,
APG101046,06/07/2025,Turkey,Kuwait,Local Fleet ,AMM-WH1,Books,1.76,8.94,0.0,In Transit ,,7,
APG100313,06-17-2025,Turkey,Kuwait,Aramex,DXB-WH1,  Fashion  ,2.15,11.88,173.4,Deliverd,2025-06-21 23:21,7,
APG101129,04-04-2025,Germany,Saudi Arabia,DHL,IST-WH1,Books,0.88,4.24,0.0,RTO,2025-04-10 23:53,10,
APG100550,2025-08-29,UK,Iraq,SMSA,AMM-WH1,Beauty,0.23,2.02,239.0,Deliverd,2025-09-02 11:45,10,
APG100067,19/03/2025,UAE,Egypt,aramex,AMM-WH2,Beauty,0.9,7.21,0.0,cancelled,23/03/2025,4,
APG100206,03/04/2025,china,UAE,aramex,IST-WH1,Sports,1.46,9.82,0.0,Returned ,11/04/2025,7,
APG100495,05-23-2025,UK,Iraq,Aramex,DXB-WH1,Sports,0.48,5.68,0.0,Returned,2025-05-30 10:35,10,Damaged Package
APG100339,2025-06-29 04:00,UK,Egypt,Aramex,AMM-WH1,Toys,5.61,23.71,0.0,Returned ,2025-07-05 17:44,10,Warehouse Delay
APG101162,2025-03-31 02:00,UAE,Egypt,aramex,AMM-WH2,Home & Garden,0.2,2.77,0.0,DELIVERED,2025-04-05,4,
APG100227,03-25-2025,UK,Saudi Arabia,aramex,IST-WH1,Books,5.06,23.84,0.0,DELIVERED,2025-03-30,10,
APG101152,2025-01-29,Jordan,UAE,Local Fleet ,DXB-WH1,Electronics,0.61,7.54,0.0,delivered,03/02/2025,2,
APG100482,2025-06-06 07:00,UK,U.A.E.,DHL,AMM-WH1,Sports,8.53,35.8,124.38,in-transit,,10,
APG100643,2025-08-10 02:00,China,UAE,SMSA,IST-WH1,Sports,0.1,2.91,0.0,Deliverd,14/08/2025,9,
APG100290,01-15-2025,UK,Iraq,Local Fleet,AMM-WH2,Books,2.41,10.88,0.0,Deliverd,18/01/2025,10,
APG100434,04/04/2025,Jordan,UAE,DHL,AMM-WH1,Home & Garden,1.98,9.21,0.0,DELIVERED,10/04/2025,2,
APG100149,03-12-2025,UK,Kuwait,Local Fleet ,DXB-WH1,Beauty,7.71,37.12,0.0,Cancelled,2025-03-16 22:04,10,
APG100853,17/02/2025,Germany,Egypt,aramex,DXB-WH1,Electronics,0.32,3.9,0.0,In Transit ,,10,
APG100479,2025-06-30,Turkey,U.A.E.,SMSA,AMM-WH2,Books,0.89,7.53,0.0,delivered,2025-07-12 01:49,7,
APG100302,20/01/2025,UAE,Iraq,Local Fleet,IST-WH1,Toys,0.17,3.57,166.87,Delivered,2025-01-27,4,
APG100687,07-01-2025,Germany,UAE,Local Fleet ,AMM-WH1,Books,1.9,8.23,0.0,Deliverd,06/07/2025,10,
APG100228,2025-01-07 23:00,Germany,Egypt,Local Fleet ,IST-WH1,Fashion,0.73,8.19,26.6,Deliverd,2025-01-14 02:45,10,
APG100725,2025-02-02,China,Egypt,DHL,AMM-WH2,Home & Garden,0.33,5.76,0.0,Delivered,2025-02-14,9,
APG100150,23/06/2025,UAE,Egypt,DHL,AMM-WH2,ELECTRONICS,1.38,9.68,0.0,In Transit,,4,
APG100213,2025-05-25,Jordan,Kuwait,Local Fleet,AMM-WH1,Sports,2.06,14.3,0.0,delivered,31/05/2025,2,
APG100102,2025-05-31 06:00,UK,Saudi Arabia,Local Fleet,AMM-WH2,Books,1.15,9.43,0.0,delivered,2025-06-06,10,
APG100157,2025-06-24,Jordan,Kuwait,DHL,AMM-WH2,Books,0.57,4.47,0.0,DELIVERED,2025-06-29,2,
APG100800,01-17-2025,China,UAE,FastCourier,IST-WH1,Fashion,5.99,29.19,0.0,Delivered,2025-01-22 16:58,9,
APG101133,03-16-2025,UAE,Egypt,Aramex,AMM-WH2,Books,0.56,4.14,0.0,RTO,2025-03-23 13:08,4,
APG100606,09/01/2025,UAE,Jordan,Local Fleet,AMM-WH1,Electronics,0.52,2.89,0.0,Returned,2025-01-15 23:26,4,Customs Delay
APG100588,2025-01-29 23:00,Turkey,Iraq,DHL,AMM-WH1,Sports,1.31,7.29,211.81,FAILED_DELIVERY,2025-02-09,7,Damaged Package
APG100333,2025-07-13,China,UAE,Aramex,AMM-WH1,Sports,0.78,5.66,0.0,in-transit,,9,
APG100738,2025-08-08,UK,Egypt,Local Fleet,AMM-WH2,Fashion,3.95,20.54,0.0,Deliverd,12/08/2025,10,
APG100489,29/08/2025,UAE,Egypt,Local Fleet,AMM-WH1,Beauty,1.95,9.46,0.0,cancelled,2025-09-06 22:29,4,
APG100933,2025-06-25,UAE,Saudi Arabia,SMSA,DXB-WH1,Electronics,1.76,7.24,183.29,DELIVERED,2025-06-30 02:19,4,
APG100660,16/02/2025,UAE,UAE,FastCourier,AMM-WH2,Sports,0.43,6.84,0.0,DELIVERED,2025-02-17,4,
APG100477,2025-02-05 02:00,Jordan,Iraq,FastCourier,AMM-WH2,Sports,0.18,4.0,0.0,Deliverd,11/02/2025,2,
APG100024,03-17-2025,UAE,Saudi Arabia,FastCourier,AMM-WH1,Sports,0.71,4.86,0.0,Delivered,2025-03-23,4,
APG101042,2025-06-21 15:00,UAE,UAE,aramex,IST-WH1,Sports,0.1,3.63,0.0,Deliverd,24/06/2025,4,
APG100114,05/04/2025,Turkey,Saudi Arabia,aramex,AMM-WH1,Toys,3.78,22.76,0.0,DELIVERED,11/04/2025,7,
APG100961,2025-02-12,UK,Egypt,Aramex,DXB-WH1,Home & Garden,0.51,6.02,0.0,Delivered,2025-02-16,10,
APG101108,2025-01-06,Jordan,Kuwait,Local Fleet ,AMM-WH1,Sports,3.36,20.98,0.0,DELIVERED,10/01/2025,2,
APG100309,2025-08-19 16:00,UK,Egypt,aramex,AMM-WH2,Beauty,6.38,38.81,0.0,returned,2025-08-23,10,Refused by Customer
APG101195,2025-08-03 18:00,UK,Egypt,FastCourier,IST-WH1,Toys,0.86,3.71,0.0,Deliverd,2025-08-10,10,
APG100266,04-11-2025,UK,UAE,Local Fleet,IST-WH1,  Sports  ,2.01,14.55,0.0,Delivered,2025-04-18,10,
APG100475,2025-03-20,UAE,Egypt,SMSA,AMM-WH2,Sports,1.08,6.51,0.0,Deliverd,2025-03-24,4,
APG100690,2025-04-03,UK,Iraq,DHL,AMM-WH1,Books,0.81,7.13,0.0,Deliverd,2025-04-10,10,
APG100321,10/08/2025,UK,Jordan,SMSA,AMM-WH2,Fashion,1.78,9.23,0.0,Delivered,2025-08-15 02:22,10,
APG100366,07-01-2025,Germany,Iraq,aramex,AMM-WH2,Toys,10.53,59.79,0.0,DELIVERED,2025-07-06,10,
APG100668,02/07/2025,Germany,Iraq,FastCourier,AMM-WH1,Sports,3.52,15.13,227.73,Deliverd,2025-07-07,10,
APG100561,07-26-2025,Jordan,Iraq,DHL,DXB-WH1,  Fashion  ,1.11,7.46,0.0,in-transit,,2,
APG100879,2025-08-25,China,UAE,DHL,DXB-WH1,Beauty,3.25,18.66,0.0,Failed Delivery,27/08/2025,9,Warehouse Delay
APG100551,2025-05-18,China,Egypt,Local Fleet ,IST-WH1,Home & Garden,1.36,8.65,0.0,DELIVERED,30/05/2025,9,
APG100874,2025-01-29 00:00,Jordan,Jordan,aramex,DXB-WH1,Electronics,5.27,19.32,0.0,Returned,31/01/2025,2,Wrong Address
APG100995,2025-06-30 11:00,Turkey,Kuwait,aramex,AMM-WH2,Books,1.28,8.84,0.0,Delivered,2025-07-06,7,
APG100136,15/07/2025,Turkey,Jordan,,AMM-WH2,,,,228.52,DELIVERED,2025-07-19,7,
APG101158,27/05/2025,UK,Jordan,aramex,IST-WH1,Electronics,0.71,6.67,0.0,delivered,2025-06-03 11:48,10,
APG101126,04-15-2025,Germany,Iraq,aramex,AMM-WH1,Beauty,0.86,9.34,0.0,Deliverd,2025-04-21,10,
APG100946,19/03/2025,China,Jordan,FastCourier,IST-WH1,Books,1.02,5.19,43.06,RTO,2025-03-24 19:26,9,Wrong Address
APG100683,2025-05-07 09:00,China,Kuwait,DHL,AMM-WH1,Toys,1.66,12.39,0.0,in-transit,,9,
APG100844,03-16-2025,UK,Jordan,Local Fleet,AMM-WH2,Home & Garden,0.5,4.78,0.0,Deliverd,24/03/2025,10,
APG100852,2025-07-08,Jordan,Egypt,SMSA,DXB-WH1,Home & Garden,1.75,11.39,0.0,Deliverd,2025-07-13,2,
APG100064,2025-03-17,China,Saudi Arabia,DHL,AMM-WH1,Home & Garden,2.47,13.8,0.0,DELIVERED,2025-03-23,9,
APG100890,02/08/2025,China,Kuwait,FastCourier,DXB-WH1,Sports,4.18,26.9,180.24,Deliverd,2025-08-06,9,
APG100518,08/01/2025,Jordan,Kuwait,Aramex,IST-WH1,Home & Garden,1.89,9.46,0.0,Deliverd,12/01/2025,2,
APG100145,2025-05-12,Turkey,UAE,Local Fleet,AMM-WH2,  Electronics  ,1.78,10.68,0.0,Deliverd,19/05/2025,7,
APG100220,02-09-2025,China,UAE,Local Fleet ,DXB-WH1,Beauty,0.32,2.57,236.31,delivered,2025-02-14 21:09,9,
APG101189,2025-02-01 23:00,UAE,Kuwait,DHL,DXB-WH1,Sports,0.45,3.37,0.0,returned,2025-02-10,4,Wrong Address
APG100838,2025-05-26 23:00,UAE,Kuwait,Aramex,DXB-WH1,Sports,0.29,3.44,156.09,DELIVERED,31/05/2025,4,
APG100929,2025-01-03 05:00,UAE,UAE,Aramex,DXB-WH1,Home & Garden,1.19,8.45,0.0,Delivered,04/01/2025,4,
APG100080,17/07/2025,China,UAE,aramex,DXB-WH1,Toys,0.63,5.52,81.65,DELIVERED,2025-07-23 09:11,9,
APG100651,2025-07-30 09:00,UK,Saudi Arabia,SMSA,IST-WH1,Fashion,0.49,3.7,0.0,delivered,2025-08-05 15:15,10,
APG100461,07-27-2025,UAE,UAE,FastCourier,AMM-WH2,Beauty,0.53,6.58,0.0,Delivered,2025-07-28 18:31,4,
APG100059,07-12-2025,Jordan,Saudi Arabia,Local Fleet,IST-WH1,Electronics,0.16,2.6,0.0,Deliverd,17/07/2025,2,
APG101075,01-15-2025,Turkey,Iraq,aramex,IST-WH1,Sports,0.43,6.1,127.67,Delivered,2025-01-24,7,
APG100003,2025-05-31 08:00,UAE,Kuwait,aramex,AMM-WH2,Books,6.31,33.55,0.0,Delivered,2025-06-07 16:51,4,
APG100209,2025-02-13,Germany,UAE,DHL,AMM-WH1,  Toys  ,1.7,11.72,0.0,Deliverd,15/02/2025,10,
APG101179,2025-04-27 19:00,Jordan,Saudi Arabia,FastCourier,AMM-WH1,Beauty,5.02,29.26,0.0,DELIVERED,01/05/2025,2,
APG101196,01-31-2025,UK,Jordan,Local Fleet ,IST-WH1,Toys,0.52,6.66,19.57,RTO,2025-02-07,10,
APG100600,2025-07-16 20:00,UK,Saudi Arabia,aramex,AMM-WH2,Electronics,0.15,5.15,0.0,delivered,21/07/2025,10,
APG100939,2025-04-18 21:00,UK,Iraq,Local Fleet,DXB-WH1,Books,1.59,6.28,0.0,Deliverd,24/04/2025,10,
APG100478,2025-04-25 17:00,UK,UAE,DHL,AMM-WH2,  Sports  ,1.85,12.12,0.0,delivered,01/05/2025,10,
APG101009,02-25-2025,Turkey,Egypt,Local Fleet ,IST-WH1,Books,0.13,4.85,0.0,DELIVERED,2025-03-04,7,
APG100392,13/05/2025,Jordan,Saudi Arabia,aramex,DXB-WH1,Books,0.26,4.02,0.0,DELIVERED,17/05/2025,2,
APG100619,07-27-2025,UK,UAE,aramex,IST-WH1,Electronics,0.15,2.31,118.03,Delivered,01/08/2025,10,
APG100506,02-08-2025,Turkey,Jordan,SMSA,AMM-WH2,Sports,2.95,15.83,0.0,Failed Delivery,2025-02-14 04:51,7,Damaged Package
APG100276,2025-05-16 07:00,China,Saudi Arabia,SMSA,AMM-WH2,Electronics,0.95,6.11,231.11,Deliverd,2025-05-19,9,
APG100349,2025-05-10 15:00,Germany,Saudi Arabia,aramex,AMM-WH1,Fashion,2.05,12.8,0.0,IN TRANSIT,,10,
APG100712,2025-01-26 10:00,Turkey,Kuwait,SMSA,DXB-WH1,Home & Garden,4.4,21.09,0.0,delivered,2025-02-02 12:47,7,
APG100107,06-12-2025,Turkey,Egypt,SMSA,DXB-WH1,Toys,1.59,9.92,0.0,DELIVERED,2025-06-22 05:56,7,
APG100542,2025-07-11 07:00,Jordan,Iraq,FastCourier,AMM-WH2,Home & Garden,2.05,8.42,0.0,delivered,15/07/2025,2,
APG100087,2025-04-21 04:00,Turkey,UAE,FastCourier,AMM-WH2,Beauty,0.1,1.63,0.0,delivered,2025-04-27,7,
APG100960,2025-05-02,UK,UAE,DHL,AMM-WH1,  Beauty  ,1.98,6.33,0.0,Returned,12/05/2025,10,Customs Delay
APG100199,2025-06-19 16:00,Turkey,Saudi Arabia,SMSA,DXB-WH1,Home & Garden,,5.61,0.0,delivered,2025-06-22 13:39,7,
APG100981,09/07/2025,UAE,Egypt,SMSA,DXB-WH1,Beauty,0.23,2.21,0.0,delivered,2025-07-15 17:59,4,
APG100018,12/05/2025,Turkey,Jordan,Local Fleet ,AMM-WH2,Beauty,1.41,10.08,221.77,DELIVERED,16/05/2025,7,
APG100543,26/01/2025,China,Kuwait,Local Fleet ,DXB-WH1,Beauty,0.1,2.46,0.0,Delivered,2025-01-31 02:50,9,
APG101084,2025-08-15,UAE,UAE,,IST-WH1,,,,0.0,failed delivery,19/08/2025,4,
APG100828,2025-05-10 09:00,China,U.A.E.,FastCourier,IST-WH1,Fashion,0.64,7.42,0.0,DELIVERED,17/05/2025,9,
APG100576,2025-07-08,UK,UAE,Aramex,IST-WH1,Electronics,0.29,4.57,0.0,DELIVERED,2025-07-14,10,
APG100282,23/06/2025,UK,Jordan,aramex,AMM-WH1,Fashion,3.24,23.32,0.0,DELIVERED,2025-06-25 19:26,10,
APG100353,2025-03-26,UAE,Kuwait,Local Fleet ,DXB-WH1,Sports,0.61,4.51,0.0,Deliverd,2025-03-31,4,
APG100910,07-20-2025,China,Egypt,Aramex,AMM-WH2,Sports,2.9,15.48,0.0,delivered,2025-07-28,9,
APG100637,2025-03-02 19:00,Jordan,Jordan,,DXB-WH1,,,,0.0,Delivered,2025-03-04,2,
APG101199,2025-07-20,Turkey,Kuwait,SMSA,DXB-WH1,Sports,0.76,5.59,0.0,In Transit ,,7,
APG100997,2025-02-05,Turkey,Jordan,aramex,AMM-WH1,  Sports  ,2.1,8.27,0.0,DELIVERED,14/02/2025,7,
APG100533,19/07/2025,Turkey,Egypt,SMSA,IST-WH1,Toys,0.71,5.53,0.0,Deliverd,2025-07-27 22:21,7,
APG100360,2025-06-09,UAE,Saudi Arabia,Local Fleet ,AMM-WH2,  Home & Garden  ,1.57,12.92,0.0,DELIVERED,2025-06-15,4,
APG100188,11/07/2025,UAE,Kuwait,SMSA,IST-WH1,  Sports  ,0.52,6.89,0.0,DELIVERED,2025-07-18 20:12,4,
APG100208,2025-06-17 21:00,Jordan,Egypt,Local Fleet,IST-WH1,Books,1.0,9.45,0.0,DELIVERED,23/06/2025,2,
APG100166,03-03-2025,UK,Kuwait,Local Fleet,IST-WH1,Beauty,0.93,4.29,0.0,Failed,2025-03-08,10,Warehouse Delay
APG100935,2025-04-26 05:00,Germany,Jordan,FastCourier,IST-WH1,Home & Garden,1.69,10.27,0.0,In Transit,,10,
APG101111,02-23-2025,China,Kuwait,Local Fleet ,DXB-WH1,Fashion,3.68,16.04,0.0,Deliverd,2025-02-26,9,
APG101005,2025-06-30,Turkey,Kuwait,DHL,AMM-WH2,Fashion,0.12,3.64,0.0,CANCELLED,2025-07-07 21:41,7,
APG100928,05-05-2025,Jordan,Jordan,DHL,IST-WH1,Sports,0.77,5.19,0.0,Delivered,2025-05-07 02:15,2,
APG100893,20/01/2025,China,Jordan,Local Fleet,AMM-WH1,  Fashion  ,1.58,7.7,0.0,Failed,24/01/2025,9,Customs Delay
APG100247,2025-03-31 17:00,China,Egypt,FastCourier,AMM-WH2,Toys,0.92,7.16,0.0,DELIVERED,2025-04-09 20:20,9,
APG100964,2025-07-10,Turkey,Saudi Arabia,SMSA,AMM-WH1,Sports,0.62,8.15,172.91,failed delivery,2025-07-16,7,Refused by Customer
APG100270,2025-07-17 03:00,UAE,KSA,DHL,AMM-WH1,Sports,0.41,5.54,68.69,Delivered,2025-07-19 11:31,4,
APG101014,2025-02-25 13:00,Germany,Egypt,FastCourier,DXB-WH1,Electronics,0.12,3.88,238.79,Delivered,02/03/2025,10,
APG100617,02-04-2025,UAE,Iraq,Local Fleet ,AMM-WH1,Electronics,0.22,2.04,0.0,Delivered,2025-02-09 07:13,4,
APG100264,2025-01-04 08:00,UK,Jordan,Aramex,IST-WH1,Electronics,0.31,4.84,130.25,delivered,08/01/2025,10,
APG100289,2025-01-15 15:00,China,KSA,aramex,AMM-WH2,Toys,0.1,1.99,0.0,DELIVERED,17/01/2025,9,
APG101026,2025-06-11,UK,Kuwait,SMSA,AMM-WH2,Electronics,0.87,4.6,143.1,in-transit,,10,
APG100831,2025-06-09,UAE,Iraq,FastCourier,DXB-WH1,  Home & Garden  ,0.65,7.11,0.0,Delivered,14/06/2025,4,
APG101089,2025-03-20,UAE,UAE,FastCourier,AMM-WH1,Fashion,3.11,16.02,152.46,Deliverd,2025-03-22,4,
APG100252,2025-03-10,UAE,Kuwait,Local Fleet,AMM-WH2,Toys,0.35,4.51,0.0,DELIVERED,17/03/2025,4,
APG100513,2025-05-24 16:00,China,Egypt,DHL,DXB-WH1,Toys,0.13,2.66,0.0,Delivered,2025-05-31 00:05,9,
APG100037,02/06/2025,China,Jordan,Local Fleet ,DXB-WH1,Books,0.45,6.75,0.0,DELIVERED,2025-06-07 13:11,9,
APG100395,2025-02-11 04:00,UK,Egypt,FastCourier,AMM-WH1,Fashion,4.95,19.95,133.99,Delivered,18/02/2025,10,
APG100702,27/04/2025,Germany,Saudi Arabia,FastCourier,AMM-WH1,Home & Garden,2.25,13.0,0.0,Returned,2025-05-02,10,Customer Not Available
APG100978,26/06/2025,Jordan,Egypt,Aramex,AMM-WH2,Electronics,3.28,16.62,0.0,Delivered,05/07/2025,2,
APG100298,2025-03-02,Germany,Jordan,DHL,AMM-WH1,Sports,0.14,4.43,0.0,DELIVERED,07/03/2025,10,
APG100020,2025-06-15 03:00,Germany,Iraq,SMSA,DXB-WH1,Sports,0.4,3.56,55.98,In Transit,,10,
APG100979,2025-01-07,China,Kuwait,SMSA,AMM-WH1,Electronics,1.7,8.97,0.0,Deliverd,2025-01-13,9,
APG100311,2025-04-12,Jordan,Egypt,aramex,IST-WH1,Home & Garden,3.18,19.21,178.1,DELIVERED,17/04/2025,2,
APG100554,01-17-2025,Jordan,Kuwait,SMSA,IST-WH1,Toys,2.48,15.66,0.0,DELIVERED,24/01/2025,2,
APG100268,14/05/2025,Jordan,UAE,DHL,AMM-WH2,  Home & Garden  ,0.5,7.06,0.0,DELIVERED,20/05/2025,2,
APG100113,2025-08-11,China,Saudi Arabia,Aramex,AMM-WH1,Fashion,2.15,9.19,100.29,Deliverd,2025-08-15 06:46,9,
APG101024,20/01/2025,UK,Egypt,FastCourier,IST-WH1,Fashion,1.0,7.17,0.0,Deliverd,2025-01-24,10,
APG100633,07/03/2025,Germany,Saudi Arabia,SMSA,AMM-WH1,Fashion,1.81,6.59,0.0,delivered,2025-03-14 06:05,10,
APG100292,14/02/2025,UK,UAE,Aramex,AMM-WH2,Electronics,0.79,4.72,0.0,Delivered,2025-02-18,10,
APG101149,24/03/2025,Turkey,Jordan,Local Fleet,AMM-WH2,Toys,0.38,5.48,0.0,Deliverd,31/03/2025,7,
APG101166,2025-05-11,Jordan,UAE,Aramex,IST-WH1,Electronics,1.1,8.44,0.0,IN TRANSIT,,2,
APG100788,2025-07-15,Jordan,Jordan,aramex,DXB-WH1,Electronics,2.07,11.1,0.0,Deliverd,2025-07-17 15:31,2,
APG100919,2025-07-20 07:00,China,UAE,Local Fleet,DXB-WH1,Sports,2.76,14.48,0.0,DELIVERED,2025-07-24 08:20,9,
APG100645,2025-07-22 20:00,Germany,Kuwait,Aramex,AMM-WH2,Beauty,2.37,13.39,0.0,delivered,28/07/2025,10,
APG100715,08-05-2025,Jordan,Jordan,aramex,DXB-WH1,Fashion,0.99,6.02,68.84,delivered,06/08/2025,2,
APG101156,2025-01-16 16:00,China,Egypt,Aramex,IST-WH1,TOYS,4.83,33.75,0.0,DELIVERED,2025-01-25,9,
APG100190,02-08-2025,UK,Egypt,,IST-WH1,,,,0.0,DELIVERED,2025-02-13 16:12,10,
APG100711,2025-07-16,UAE,UAE,Local Fleet,AMM-WH2,Beauty,0.1,5.12,0.0,delivered,2025-07-17 05:03,4,
APG100006,04-08-2025,UAE,Jordan,Local Fleet ,DXB-WH1,Books,0.62,4.32,0.0,Deliverd,12/04/2025,4,
APG101040,2025-03-14 04:00,Germany,Kuwait,Aramex,AMM-WH2,Toys,0.71,3.05,0.0,cancelled,18/03/2025,10,
APG100926,03-12-2025,Germany,Jordan,Local Fleet ,AMM-WH1,Electronics,1.32,8.52,0.0,delivered,15/03/2025,10,
APG100516,02-03-2025,Jordan,Egypt,Aramex,DXB-WH1,Beauty,1.27,10.06,0.0,Deliverd,2025-02-08,2,
APG100827,2025-04-25,China,Egypt,Aramex,AMM-WH2,Fashion,0.84,5.37,0.0,Delivered,2025-05-04,9,
APG100433,06-12-2025,Germany,Iraq,FastCourier,DXB-WH1,Sports,1.3,10.31,0.0,Deliverd,19/06/2025,10,
APG100454,2025-07-30,Germany,Jordan,FastCourier,AMM-WH1,Electronics,3.58,20.72,0.0,DELIVERED,2025-08-06,10,
APG100848,18/06/2025,China,U.A.E.,DHL,IST-WH1,Home & Garden,0.42,5.59,0.0,delivered,2025-06-25 21:12,9,
APG100363,2025-06-26 09:00,UAE,Jordan,aramex,AMM-WH1,TOYS,0.1,3.19,0.0,in-transit,,4,
APG101188,2025-06-15 13:00,Jordan,Saudi Arabia,FastCourier,AMM-WH2,FASHION,0.47,3.83,0.0,Deliverd,2025-06-19 17:56,2,
APG100128,2025-03-27 02:00,Germany,Iraq,Aramex,IST-WH1,Toys,3.94,17.66,0.0,DELIVERED,2025-03-30 17:41,10,
APG100562,2025-07-03 15:00,UK,Saudi Arabia,aramex,DXB-WH1,Home & Garden,2.35,12.55,0.0,Failed Delivery,2025-07-10 22:19,10,Damaged Package
APG100210,05/02/2025,China,Kuwait,Aramex,AMM-WH2,Sports,1.57,7.0,99.57,delivered,2025-02-10 21:43,9,
APG100315,2025-08-04,Turkey,UAE,,AMM-WH2,,,,0.0,Delivered,09/08/2025,7,
APG100332,04-22-2025,UAE,Egypt,SMSA,IST-WH1,Beauty,0.35,2.5,0.0,Deliverd,2025-04-28 13:43,4,
APG100657,2025-05-13 10:00,china,UAE,DHL,IST-WH1,Home & Garden,3.49,19.66,214.73,Deliverd,2025-05-17 17:16,10,
APG100553,2025-08-18 03:00,Germany,Kuwait,Local Fleet ,AMM-WH2,Beauty,1.66,6.74,0.0,Canceled,2025-08-23,10,
APG100405,2025-02-11 03:00,Jordan,Iraq,FastCourier,DXB-WH1,Beauty,2.05,14.33,0.0,delivered,16/02/2025,2,
APG100807,2025-07-23 02:00,UAE,Kuwait,aramex,IST-WH1,Sports,1.1,6.18,0.0,DELIVERED,28/07/2025,4,
APG100369,21/05/2025,Jordan,Egypt,aramex,DXB-WH1,Sports,0.57,7.3,0.0,Delivered,2025-05-26 19:46,2,
APG100903,01-15-2025,UK,Iraq,Local Fleet ,AMM-WH1,Books,1.49,5.95,100.2,in-transit,,10,
APG100118,02-28-2025,UK,Iraq,Aramex,AMM-WH1,Beauty,4.81,22.21,0.0,DELIVERED,2025-03-05,10,
APG100494,31/05/2025,UAE,Saudi Arabia,SMSA,IST-WH1,Beauty,0.77,5.54,0.0,IN TRANSIT,,4,
APG100325,2025-06-24 04:00,Germany,UAE,Local Fleet ,DXB-WH1,Beauty,0.48,4.31,0.0,Delivered,27/06/2025,10,
APG100557,2025-06-06,China,Kuwait,aramex,AMM-WH1,Books,1.71,8.34,0.0,Delivered,2025-06-09 15:23,9,
APG100001,01-07-2025,Germany,Jordan,DHL,AMM-WH2,Fashion,1.64,12.03,0.0,In Transit ,,10,
APG101034,25/08/2025,UK,Jordan,,AMM-WH2,,,,0.0,DELIVERED,31/08/2025,10,
APG100056,17/07/2025,China,Iraq,aramex,AMM-WH1,Toys,4.1,17.95,0.0,Delivered,2025-07-29,9,
APG101169,2025-07-15,Germany,Kuwait,FastCourier,AMM-WH2,BOOKS,0.81,8.12,99.21,Delivered,2025-07-19 21:37,10,
APG101178,09/01/2025,UAE,Iraq,SMSA,AMM-WH1,Home & Garden,0.13,3.52,92.54,in-transit,,4,
APG100456,2025-07-16,Germany,Jordan,Local Fleet ,IST-WH1,Beauty,,6.81,53.3,DELIVERED,2025-07-25 06:28,10,
APG100596,06-20-2025,China,Iraq,DHL,AMM-WH2,Beauty,0.1,4.32,0.0,Deliverd,03/07/2025,9,
APG101119,06-12-2025,Germany,Iraq,FastCourier,AMM-WH2,Beauty,0.34,4.85,121.34,Failed,2025-06-18 13:13,10,Refused by Customer
APG100718,04-12-2025,Turkey,Jordan,aramex,DXB-WH1,Fashion,2.35,14.94,0.0,Delivered,18/04/2025,7,
APG100876,2025-03-10,UK,Iraq,Aramex,AMM-WH1,Books,0.41,3.36,132.77,Delivered,2025-03-17,10,
APG100320,2025-04-09,Turkey,Jordan,aramex,AMM-WH2,Fashion,0.78,7.43,74.58,cancelled,2025-04-18,7,
APG100019,07-26-2025,UAE,Kuwait,Aramex,IST-WH1,Electronics,7.8,31.82,0.0,delivered,2025-08-01,4,
APG100814,03/08/2025,UAE,UAE,Local Fleet ,AMM-WH2,  Beauty  ,0.68,4.71,0.0,IN TRANSIT,,4,
APG100351,22/03/2025,Jordan,Kuwait,Local Fleet ,AMM-WH1,Sports,2.45,9.65,0.0,Deliverd,2025-03-26,2,
APG100047,27/03/2025,UAE,UAE,DHL,AMM-WH2,Fashion,3.25,14.09,61.35,Delivered,2025-03-29 21:16,4,
APG100169,07-13-2025,UK,UAE,FastCourier,IST-WH1,Toys,1.04,5.6,0.0,delivered,19/07/2025,10,
APG100675,28/06/2025,China,Jordan,DHL,AMM-WH2,Beauty,0.64,5.8,0.0,Delivered,2025-07-04 10:47,9,
APG100945,18/02/2025,UAE,Jordan,aramex,AMM-WH1,Toys,2.48,18.78,0.0,DELIVERED,23/02/2025,4,
APG100341,23/01/2025,China,Iraq,DHL,AMM-WH1,Electronics,0.95,6.19,0.0,Deliverd,2025-02-02,9,
APG100222,24/01/2025,Turkey,Egypt,aramex,AMM-WH1,Beauty,3.77,15.83,0.0,DELIVERED,2025-02-01 17:44,7,
APG101176,2025-02-17 23:00,UAE,UAE,Local Fleet,IST-WH1,  Sports  ,0.94,7.63,0.0,DELIVERED,2025-02-20 07:37,4,
APG100437,21/01/2025,UAE,UAE,aramex,DXB-WH1,Toys,0.35,5.2,204.11,failed delivery,2025-01-24 14:13,4,Customs Delay
APG101050,2025-08-05,China,Jordan,FastCourier,IST-WH1,Beauty,0.89,4.49,0.0,In Transit,,9,
APG100628,07-25-2025,UK,Kuwait,Local Fleet ,AMM-WH1,Books,1.08,7.03,145.94,Delivered,2025-07-29 21:54,10,
APG100999,2025-04-21,Germany,UAE,DHL,AMM-WH1,Electronics,3.1,12.16,57.08,Failed,2025-04-29 09:22,10,Customer Not Available
APG100259,2025-06-25 14:00,Jordan,Egypt,Aramex,AMM-WH2,Electronics,0.12,3.97,102.17,delivered,2025-06-30,2,
APG100138,2025-06-16,China,Iraq,DHL,DXB-WH1,Electronics,0.23,4.2,209.47,delivered,22/06/2025,9,
APG100331,15/01/2025,Turkey,Iraq,Local Fleet,AMM-WH2,Fashion,1.29,7.46,0.0,Deliverd,24/01/2025,7,
APG100377,2025-01-28,Turkey,Egypt,FastCourier,DXB-WH1,Electronics,3.35,20.1,0.0,In Transit ,,7,
APG101007,13/03/2025,China,U.A.E.,,IST-WH1,Electronics,,,0.0,Deliverd,2025-03-20,9,
APG100159,12/06/2025,Turkey,Saudi Arabia,DHL,DXB-WH1,Sports,5.21,25.6,0.0,In Transit ,,7,
APG100973,2025-05-09,Germany,U.A.E.,SMSA,IST-WH1,Home & Garden,4.41,23.07,0.0,DELIVERED,2025-05-15,10,
APG100033,24/06/2025,Turkey,Saudi Arabia,FastCourier,IST-WH1,Books,0.37,6.18,0.0,Failed Delivery,2025-07-01 17:25,7,Refused by Customer
APG100151,2025-06-23 14:00,UK,Saudi Arabia,Local Fleet,AMM-WH1,Beauty,0.32,4.56,0.0,In Transit ,,10,
APG100778,2025-04-16,China,Saudi Arabia,Aramex,AMM-WH2,Sports,5.31,19.34,87.85,FAILED_DELIVERY,24/04/2025,9,Refused by Customer
APG100826,2025-03-09,China,Saudi Arabia,Local Fleet ,AMM-WH1,Beauty,0.1,3.42,0.0,delivered,2025-03-12,9,
APG100348,2025-05-13,Germany,UAE,Local Fleet ,IST-WH1,Fashion,1.93,10.87,0.0,Failed Delivery,22/05/2025,10,Customer Not Available
APG100552,21/01/2025,UK,UAE,Local Fleet ,AMM-WH2,Fashion,6.22,32.49,0.0,DELIVERED,2025-01-27,10,
APG100541,11/01/2025,UK,Iraq,aramex,DXB-WH1,Beauty,2.41,10.92,33.59,DELIVERED,2025-01-16,10,
APG100728,24/08/2025,China,UAE,Local Fleet,IST-WH1,Electronics,1.82,7.12,0.0,Deliverd,2025-08-30,9,
APG100517,08-09-2025,UAE,Saudi Arabia,Local Fleet,AMM-WH2,Beauty,0.44,5.84,0.0,DELIVERED,13/08/2025,4,
APG100930,2025-03-07,UK,Iraq,FastCourier,AMM-WH1,Electronics,0.61,6.67,0.0,delivered,2025-03-11,10,
APG101038,2025-05-12 21:00,Germany,Iraq,Local Fleet,IST-WH1,Electronics,3.35,13.37,0.0,Failed Delivery,21/05/2025,10,Customer Not Available
APG100207,10/08/2025,China,Egypt,Aramex,IST-WH1,Home & Garden,0.37,3.09,0.0,in-transit,,9,
APG100986,2025-06-05,Jordan,Kuwait,FastCourier,DXB-WH1,Sports,1.68,7.26,0.0,delivered,08/06/2025,2,
APG100878,07-30-2025,Germany,Iraq,DHL,AMM-WH2,Electronics,0.13,5.19,0.0,Deliverd,2025-08-04 16:05,10,
APG100413,08/04/2025,Turkey,U.A.E.,DHL,DXB-WH1,Books,0.43,4.11,0.0,returned,2025-04-16 20:13,7,Customs Delay
APG100329,01/05/2025,Jordan,Jordan,DHL,AMM-WH1,TOYS,1.13,8.78,0.0,Returned,2025-05-05 05:53,2,Refused by Customer
APG100649,2025-02-08 02:00,UK,UAE,DHL,AMM-WH1,TOYS,3.17,11.18,195.61,DELIVERED,09/02/2025,10,
APG100347,2025-08-16,Jordan,Jordan,Aramex,DXB-WH1,Electronics,3.8,19.26,0.0,Deliverd,2025-08-19,2,
APG100681,10/05/2025,Jordan,Saudi Arabia,aramex,IST-WH1,Books,1.53,6.7,180.73,Failed,2025-05-19 12:28,2,Damaged Package
APG100740,2025-02-26,China,Kuwait,SMSA,AMM-WH2,Toys,0.89,6.91,0.0,cancelled,05/03/2025,9,
APG100737,2025-03-21,UAE,Kuwait,Local Fleet,AMM-WH1,Home & Garden,5.62,27.86,0.0,DELIVERED,27/03/2025,4,
APG100608,2025-08-07,Turkey,Saudi Arabia,FastCourier,AMM-WH1,Toys,1.2,6.73,0.0,delivered,11/08/2025,7,
APG100918,2025-01-30 06:00,UK,Kuwait,Aramex,IST-WH1,Home & Garden,0.73,7.16,178.92,Deliverd,04/02/2025,10,
APG100460,05-23-2025,UK,Egypt,Aramex,IST-WH1,Electronics,4.9,19.9,0.0,delivered,2025-05-29 04:07,10,
APG101073,13/08/2025,UK,Egypt,Local Fleet ,AMM-WH2,Electronics,3.06,15.49,0.0,CANCELLED,2025-08-18 14:21,10,
APG100507,2025-03-11 13:00,Germany,Jordan,SMSA,DXB-WH1,Fashion,0.93,8.6,0.0,Delivered,15/03/2025,10,
APG101159,19/01/2025,Germany,UAE,SMSA,IST-WH1,Toys,1.12,8.89,80.52,DELIVERED,2025-01-24 00:34,10,
APG101107,2025-03-25,China,Jordan,DHL,AMM-WH1,TOYS,0.16,5.53,0.0,Delivered,01/04/2025,9,
APG100924,01/07/2025,China,Egypt,FastCourier,AMM-WH1,BEAUTY,0.19,2.49,0.0,In Transit,,9,
APG100356,2025-03-28 03:00,UAE,Iraq,Aramex,AMM-WH1,Sports,-5.5,3.84,0.0,IN TRANSIT,,4,
APG101120,15/03/2025,UAE,Kuwait,aramex,AMM-WH2,Beauty,0.41,3.4,149.24,DELIVERED,22/03/2025,4,
APG100447,2025-01-06,Germany,Saudi Arabia,DHL,AMM-WH1,HOME & GARDEN,2.59,13.62,80.73,FAILED_DELIVERY,2025-01-14 18:36,10,Customs Delay
APG101092,2025-02-03 21:00,UK,Saudi Arabia,aramex,AMM-WH1,Electronics,3.57,16.85,202.36,In Transit ,,10,
APG100535,2025-07-27,Germany,UAE,Local Fleet,AMM-WH1,Beauty,2.77,9.46,0.0,Delivered,2025-07-30,10,
APG100767,2025-05-18,Turkey,Iraq,Local Fleet ,AMM-WH2,Sports,0.26,4.12,0.0,In Transit,,7,
APG100423,2025-05-17,Germany,Egypt,aramex,DXB-WH1,Beauty,3.18,15.18,0.0,DELIVERED,2025-05-23,10,
APG100381,2025-06-15 17:00,UK,Kuwait,Local Fleet,AMM-WH1,Sports,1.22,5.91,0.0,Delivered,2025-06-19 16:38,10,
APG100202,04-17-2025,UK,Kuwait,SMSA,DXB-WH1,Fashion,1.34,7.89,0.0,delivered,21/04/2025,10,
APG100672,03-29-2025,UK,UAE,Local Fleet ,DXB-WH1,Toys,0.21,2.59,0.0,failed delivery,2025-04-05 09:25,10,
APG100129,2025-05-30 21:00,Turkey,Jordan,Local Fleet,IST-WH1,Home & Garden,2.58,11.45,30.33,delivered,03/06/2025,7,
APG101021,25/05/2025,China,Saudi Arabia,FastCourier,AMM-WH1,Sports,0.31,4.81,22.34,Deliverd,2025-05-30 22:51,9,
APG100402,04-07-2025,UK,Jordan,Local Fleet,DXB-WH1,  Beauty  ,0.74,4.83,0.0,cancelled,14/04/2025,10,
APG100287,2025-03-13,China,Jordan,SMSA,AMM-WH2,Fashion,1.97,13.48,200.76,delivered,18/03/2025,9,
APG100269,07-26-2025,China,UAE,Local Fleet,AMM-WH1,Sports,0.91,6.9,0.0,Failed,03/08/2025,9,Damaged Package
APG100091,2025-07-19,UK,Iraq,FastCourier,IST-WH1,Sports,1.83,14.52,0.0,Delivered,25/07/2025,10,
APG101066,2025-07-06 09:00,Jordan,Egypt,FastCourier,IST-WH1,Books,0.99,8.96,0.0,DELIVERED,2025-07-13 17:37,2,
APG100465,28/05/2025,Jordan,Egypt,DHL,DXB-WH1,Beauty,2.06,12.41,90.68,Delivered,2025-06-01,2,
APG101142,15/02/2025,Jordan,Iraq,FastCourier,DXB-WH1,Home & Garden,1.63,8.71,0.0,Deliverd,2025-02-20,2,
APG100922,2025-04-10 23:00,UAE,Iraq,Local Fleet,AMM-WH2,Toys,1.85,8.86,0.0,returned,19/04/2025,4,
APG101078,2025-07-08,Germany,Egypt,aramex,AMM-WH2,Home & Garden,2.56,17.86,0.0,Canceled,2025-07-15 02:01,10,
APG100691,07-17-2025,Turkey,Kuwait,Aramex,AMM-WH1,Beauty,0.58,6.36,0.0,Deliverd,2025-07-21 06:58,7,
APG100786,20/02/2025,UAE,Iraq,DHL,AMM-WH2,Toys,3.95,17.37,0.0,Deliverd,25/02/2025,4,
APG101104,2025-03-28,Turkey,Kuwait,aramex,AMM-WH1,Books,0.36,3.3,0.0,DELIVERED,2025-04-01 05:29,7,
APG101076,07-12-2025,Germany,Iraq,Aramex,AMM-WH1,Home & Garden,1.14,9.15,0.0,Delivered,2025-07-16 14:07,10,
APG100798,2025-02-17 22:00,UAE,UAE,DHL,AMM-WH1,Toys,0.68,7.03,0.0,failed delivery,2025-02-20 06:25,4,Refused by Customer
APG100536,2025-03-13 08:00,UAE,Egypt,Aramex,AMM-WH2,Toys,5.6,35.79,0.0,RTO,15/03/2025,4,Refused by Customer
APG100915,2025-04-28 13:00,China,Saudi Arabia,FastCourier,IST-WH1,Fashion,0.1,4.76,175.25,RTO,2025-05-05 21:21,9,Warehouse Delay
APG100641,2025-04-03 21:00,Germany,Iraq,DHL,IST-WH1,Books,1.98,12.28,0.0,Cancelled,2025-04-10,10,
APG100714,01-08-2025,China,Kuwait,Aramex,AMM-WH1,Home & Garden,0.12,3.62,0.0,returned,2025-01-16,9,
APG100558,2025-03-28 23:00,UAE,Kuwait,Local Fleet ,AMM-WH2,Toys,0.5,6.67,0.0,Returned ,31/03/2025,4,Refused by Customer
APG100819,02-11-2025,Jordan,Iraq,SMSA,IST-WH1,Sports,0.93,4.85,0.0,delivered,2025-02-16,2,
APG100866,2025-05-22,Germany,KSA,DHL,AMM-WH2,Electronics,0.8,6.38,0.0,delivered,26/05/2025,10,
APG100748,06/04/2025,Germany,Egypt,DHL,DXB-WH1,Home & Garden,0.92,6.93,239.38,Deliverd,11/04/2025,10,
APG100314,16/08/2025,China,Kuwait,Aramex,IST-WH1,Sports,2.32,17.87,0.0,delivered,2025-08-20,9,
APG100750,02-10-2025,Jordan,Egypt,FastCourier,AMM-WH2,Electronics,0.1,2.69,0.0,DELIVERED,2025-02-18,2,
APG100233,2025-03-31,Germany,Saudi Arabia,SMSA,AMM-WH2,Books,3.1,15.8,33.43,DELIVERED,06/04/2025,10,
APG100365,22/05/2025,Germany,UAE,Local Fleet ,AMM-WH2,HOME & GARDEN,1.06,9.08,0.0,In Transit,,10,
APG100186,26/03/2025,Jordan,UAE,Local Fleet,DXB-WH1,Sports,1.19,7.11,0.0,Delivered,2025-04-01 12:16,2,
APG100063,2025-02-19,China,Iraq,Local Fleet ,AMM-WH2,Toys,0.49,5.51,0.0,In Transit,,9,
APG100481,2025-04-24,Jordan,UAE,,AMM-WH2,Books,,,0.0,DELIVERED,2025-04-28 18:04,2,
APG100733,2025-06-23,China,Jordan,Local Fleet,IST-WH1,Books,5.98,26.83,0.0,Delivered,27/06/2025,9,
APG100781,2025-01-21 01:00,UAE,Egypt,Local Fleet,DXB-WH1,Beauty,0.59,4.4,0.0,delivered,23/01/2025,4,
APG100625,2025-05-26 16:00,Germany,Kuwait,Local Fleet,IST-WH1,Electronics,0.72,8.22,100.66,Deliverd,30/05/2025,10,
APG100663,2025-08-21 18:00,Germany,Iraq,DHL,AMM-WH1,Books,1.48,9.98,0.0,delivered,2025-08-27,10,
APG100747,2025-05-30,UAE,Egypt,Local Fleet ,IST-WH1,Electronics,1.77,12.78,50.18,delivered,2025-06-03,4,
APG100598,2025-07-07 18:00,Turkey,Egypt,aramex,AMM-WH2,Home & Garden,1.01,6.17,0.0,Delivered,2025-07-12 07:53,7,
APG100135,12/08/2025,UK,Saudi Arabia,Local Fleet ,DXB-WH1,Beauty,1.47,7.94,0.0,In Transit,,10,
APG101022,14/05/2025,Germany,Egypt,Local Fleet,DXB-WH1,  Fashion  ,2.27,15.23,0.0,DELIVERED,2025-05-20,10,
APG100656,2025-01-12 04:00,China,UAE,aramex,DXB-WH1,Books,0.71,8.34,0.0,Deliverd,2025-01-17 03:07,9,
APG100857,03-05-2025,Germany,Kuwait,DHL,AMM-WH1,Electronics,0.79,6.1,60.87,Delivered,2025-03-09,10,
APG100784,2025-05-14,UK,Kuwait,SMSA,AMM-WH1,Sports,1.84,7.98,0.0,delivered,2025-05-19 03:01,10,
APG100361,14/07/2025,Germany,Jordan,FastCourier,IST-WH1,  Toys  ,3.69,22.51,138.14,Deliverd,21/07/2025,10,
APG100291,2025-06-30 22:00,UK,Jordan,FastCourier,AMM-WH2,Toys,0.89,5.73,247.12,DELIVERED,2025-07-06,10,
APG100072,01-11-2025,China,Egypt,Aramex,AMM-WH2,Electronics,0.83,9.21,0.0,RTO,2025-01-23,9,Warehouse Delay
APG100005,2025-08-01,UK,UAE,FastCourier,AMM-WH1,Fashion,1.34,5.48,0.0,DELIVERED,2025-08-06 03:19,10,
APG100646,02/07/2025,UAE,Egypt,aramex,IST-WH1,Toys,3.52,20.84,0.0,delivered,2025-07-08 07:43,4,
APG100045,2025-06-20 16:00,UAE,Kuwait,aramex,IST-WH1,Beauty,2.34,15.84,225.33,DELIVERED,2025-06-27 09:08,4,
APG100473,06-17-2025,China,Kuwait,Local Fleet,DXB-WH1,Sports,0.58,4.28,218.18,Failed Delivery,2025-06-21,9,Customs Delay
APG100763,07-29-2025,Turkey,Kuwait,FastCourier,AMM-WH2,Home & Garden,1.04,8.17,0.0,FAILED_DELIVERY,2025-08-04 02:19,7,Refused by Customer
APG100802,07-13-2025,Jordan,Kuwait,Local Fleet,DXB-WH1,Home & Garden,2.19,17.4,235.84,Deliverd,17/07/2025,2,
APG100797,2025-07-28,China,Saudi Arabia,Aramex,IST-WH1,Electronics,0.57,6.09,0.0,Delivered,2025-08-01 15:18,9,
APG100716,2025-01-11 00:00,UK,Kuwait,aramex,DXB-WH1,Toys,1.2,7.41,24.44,Deliverd,2025-01-16,10,
APG101160,02-27-2025,China,Jordan,DHL,AMM-WH2,Home & Garden,,36.3,0.0,Deliverd,04/03/2025,9,
APG101096,05-17-2025,UK,Kuwait,SMSA,AMM-WH1,SPORTS,3.28,14.18,0.0,DELIVERED,19/05/2025,10,
APG100631,17/05/2025,Turkey,Iraq,FastCourier,AMM-WH1,Sports,6.01,28.47,0.0,IN TRANSIT,,7,
APG100016,07-13-2025,UAE,Egypt,Local Fleet ,IST-WH1,Home & Garden,0.71,7.85,115.14,delivered,2025-07-19 05:10,4,
APG101099,02-11-2025,Jordan,Saudi Arabia,Aramex,AMM-WH1,Home & Garden,0.35,4.3,0.0,Returned,2025-02-17 12:42,2,Damaged Package
APG100103,2025-03-06 05:00,UAE,KSA,Local Fleet ,AMM-WH1,Books,1.72,7.53,0.0,Delivered,2025-03-10 19:54,4,
APG100761,22/08/2025,UAE,Jordan,Local Fleet,AMM-WH1,Sports,2.6,13.11,0.0,Failed,2025-08-28,4,
APG100607,2025-02-17,UK,Saudi Arabia,Aramex,AMM-WH2,Electronics,2.7,19.51,0.0,DELIVERED,24/02/2025,10,
APG100920,09/01/2025,China,Kuwait,DHL,DXB-WH1,Books,1.02,8.63,0.0,Delivered,2025-01-16 07:12,9,
APG100407,2025-06-05 01:00,Turkey,Jordan,SMSA,DXB-WH1,Toys,2.34,15.07,0.0,FAILED_DELIVERY,12/06/2025,7,
APG100069,2025-02-10,UK,Jordan,SMSA,IST-WH1,Sports,1.22,6.22,179.67,Deliverd,15/02/2025,10,
APG100094,2025-08-22,UAE,UAE,Local Fleet ,DXB-WH1,Books,0.15,3.67,0.0,DELIVERED,24/08/2025,4,
APG100284,08/03/2025,UK,Egypt,,IST-WH1,,,,0.0,Delivered,13/03/2025,10,
APG100726,2025-08-03,China,Egypt,aramex,AMM-WH2,Books,0.62,8.24,0.0,Delivered,14/08/2025,9,
APG100544,2025-01-15,UK,Jordan,Local Fleet ,AMM-WH1,Electronics,2.41,10.17,0.0,returned,2025-01-23,10,Wrong Address
APG100653,02/07/2025,Germany,Saudi Arabia,Local Fleet ,DXB-WH1,Toys,1.75,8.05,0.0,Deliverd,09/07/2025,10,
APG100090,08/04/2025,China,Saudi Arabia,FastCourier,DXB-WH1,Home & Garden,0.16,4.73,0.0,DELIVERED,2025-04-12 03:12,9,
APG100671,2025-06-19,China,Iraq,aramex,AMM-WH1,Beauty,0.6,6.18,81.44,failed delivery,28/06/2025,9,
APG100654,2025-06-05 21:00,Jordan,UAE,Aramex,IST-WH1,Home & Garden,3.32,14.39,0.0,Delivered,2025-06-10 09:23,2,
APG100410,2025-07-05 17:00,UK,UAE,aramex,AMM-WH2,Home & Garden,1.56,8.99,0.0,Failed,09/07/2025,10,Warehouse Delay
APG100756,22/03/2025,Turkey,Jordan,aramex,IST-WH1,Sports,7.13,25.86,0.0,Deliverd,26/03/2025,7,
APG100014,05-06-2025,UK,UAE,Local Fleet,DXB-WH1,  Books  ,0.37,3.2,0.0,Delivered,2025-05-09,10,
APG100078,08-04-2025,China,Saudi Arabia,Aramex,AMM-WH2,Sports,1.31,9.43,0.0,Deliverd,2025-08-09 08:32,9,
APG101079,2025-04-17 21:00,Germany,Kuwait,Aramex,AMM-WH2,Fashion,2.88,15.88,0.0,Delivered,22/04/2025,10,
APG100975,04-14-2025,Jordan,Saudi Arabia,aramex,IST-WH1,Books,3.76,21.78,0.0,Returned,2025-04-21,2,Damaged Package
APG100575,06-10-2025,UAE,UAE,Aramex,DXB-WH1,Beauty,0.83,5.8,0.0,Returned,2025-06-14 12:52,4,Wrong Address
APG101147,07/02/2025,Turkey,UAE,,DXB-WH1,,,,104.45,DELIVERED,2025-02-10,7,
APG100055,2025-01-28,UAE,UAE,Local Fleet,IST-WH1,Toys,0.5,5.8,0.0,Delivered,2025-01-30,4,
APG100396,2025-06-13 00:00,UK,Egypt,Aramex,IST-WH1,Fashion,1.4,9.36,0.0,DELIVERED,2025-06-19,10,
APG100240,02-05-2025,Jordan,Egypt,,IST-WH1,,,,0.0,Deliverd,2025-02-12 23:51,2,
APG100357,16/05/2025,Jordan,Jordan,SMSA,IST-WH1,Books,0.75,8.43,0.0,Cancelled,20/05/2025,2,
APG100372,19/05/2025,Jordan,UAE,Aramex,DXB-WH1,Toys,0.58,5.53,0.0,DELIVERED,2025-05-24,2,
APG100503,24/03/2025,UK,Egypt,Local Fleet ,DXB-WH1,Home & Garden,1.31,8.37,0.0,Delivered,2025-03-27 08:16,10,
APG100041,2025-06-05 20:00,Jordan,Egypt,SMSA,IST-WH1,Beauty,0.1,3.53,0.0,DELIVERED,2025-06-07,2,
APG100491,2025-04-09 23:00,UK,Iraq,SMSA,IST-WH1,Toys,5.69,16.78,0.0,delivered,2025-04-13,10,
APG100257,2025-01-23 23:00,UAE,Kuwait,Aramex,DXB-WH1,Home & Garden,4.11,24.5,0.0,Delivered,28/01/2025,4,
APG101098,09/04/2025,China,UAE,SMSA,DXB-WH1,Fashion,2.59,13.0,0.0,delivered,2025-04-14 06:48,9,
APG101033,02-12-2025,Turkey,UAE,Local Fleet,IST-WH1,Beauty,2.16,8.77,0.0,DELIVERED,2025-02-16 01:54,7,
APG100734,2025-04-29,Jordan,Kuwait,Local Fleet,AMM-WH1,Sports,0.1,2.72,0.0,Delivered,2025-05-04 12:28,2,
APG101181,20/04/2025,China,UAE,FastCourier,AMM-WH1,Fashion,3.23,13.47,0.0,Delivered,26/04/2025,9,
APG101148,15/01/2025,China,Kuwait,DHL,DXB-WH1,Beauty,4.32,14.91,0.0,RTO,25/01/2025,9,Warehouse Delay
APG100528,12/08/2025,UAE,UAE,DHL,AMM-WH1,Electronics,0.27,2.86,222.37,in-transit,,4,
APG101150,2025-03-04,China,Jordan,Local Fleet ,IST-WH1,Beauty,0.75,9.16,197.49,DELIVERED,2025-03-07,9,
